Place,Fish,Rep,Fish.wt,Fish.lt,Oto.wd,Oto.lt,Oto.wt,Ca,Sr,Ba,Mn,Zn,K,Pb,Cu
CTI,12,1,19.03,12.10,3.80,6.40,0.038,99.24,0.48,0.08,0.01,0.00,0.16,0.00,0.02
CTI,12,2,19.03,12.10,3.80,6.40,0.038,99.20,0.50,0.10,0.00,0.00,0.17,0.00,0.01
CTI,12,3,19.03,12.10,3.80,6.40,0.038,99.25,0.50,0.03,0.02,0.01,0.14,0.01,0.04
CTI,13,1,20.47,12.40,3.80,6.60,0.041,99.34,0.38,0.07,0.02,0.00,0.16,0.00,0.02
CTI,13,2,20.47,12.40,3.80,6.60,0.041,99.11,0.44,0.25,0.01,0.00,0.20,-0.02,0.01
CTI,13,3,20.47,12.40,3.80,6.60,0.041,99.27,0.45,0.07,0.00,0.01,0.18,0.00,0.02
CTI,14,1,25.77,13.30,4.10,6.80,0.0467,99.33,0.38,0.11,0.01,0.00,0.18,-0.01,-0.01
CTI,14,2,25.77,13.30,4.10,6.80,0.0467,99.32,0.41,0.08,0.01,0.00,0.17,0.00,0.01
CTI,14,3,25.77,13.30,4.10,6.80,0.0467,99.23,0.39,0.10,0.04,0.03,0.17,0.01,0.04
CTI,15,1,19.63,12.00,3.80,6.40,0.0422,99.29,0.37,0.09,0.02,0.00,0.21,0.00,0.03
CTI,15,2,19.63,12.00,3.80,6.40,0.0422,99.33,0.37,0.09,0.02,0.01,0.14,0.00,0.05
CTI,15,3,19.63,12.00,3.80,6.40,0.0422,99.34,0.37,0.03,0.05,0.01,0.15,0.01,0.05
CTI,16,1,26.01,13.20,4.00,7.20,0.0484,99.23,0.43,0.16,0.01,0.00,0.14,0.00,0.02
CTI,16,2,26.01,13.20,4.00,7.20,0.0484,99.02,0.51,0.24,0.00,0.00,0.24,-0.02,0.01
CTI,16,3,26.01,13.20,4.00,7.20,0.0484,99.21,0.50,0.04,0.02,0.01,0.17,0.01,0.05
CTI,17,1,23.40,12.90,3.80,6.80,0.0450,99.41,0.36,0.08,0.01,0.00,0.11,0.00,0.02
CTI,17,2,23.40,12.90,3.80,6.80,0.0450,99.30,0.39,0.12,0.02,0.00,0.16,0.00,0.02
CTI,17,3,23.40,12.90,3.80,6.80,0.0450,99.24,0.40,0.13,0.01,0.01,0.19,0.00,0.02
CTI,18,1,25.67,13.20,4.00,7.10,0.0523,99.29,0.38,0.13,0.01,0.00,0.17,0.00,0.00
CTI,18,2,25.67,13.20,4.00,7.10,0.0523,99.37,0.39,0.10,0.02,0.00,0.13,-0.01,0.01
CTI,18,3,25.67,13.20,4.00,7.10,0.0523,99.24,0.38,0.13,0.01,0.03,0.19,-0.01,0.02
CTI,19,1,24.02,13.00,4.00,6.90,0.0438,99.24,0.48,0.13,0.01,0.00,0.14,0.00,0.00
CTI,19,2,24.02,13.00,4.00,6.90,0.0438,99.17,0.55,0.13,0.01,0.00,0.14,-0.01,0.01
CTI,19,3,24.02,13.00,4.00,6.90,0.0438,99.24,0.49,0.01,0.03,0.01,0.16,0.02,0.05
CTI,20,1,21.22,12.30,3.80,6.50,0.0358,99.26,0.47,0.08,0.01,0.00,0.14,0.00,0.03
CTI,20,2,21.22,12.30,3.80,6.50,0.0358,99.22,0.47,0.09,0.01,0.00,0.17,0.00,0.03
CTI,20,3,21.22,12.30,3.80,6.50,0.0358,99.21,0.52,0.05,0.01,0.01,0.17,0.01,0.02
CTI,21,1,22.13,12.70,3.80,6.80,0.0449,99.28,0.43,0.09,0.01,0.01,0.15,0.00,0.02
CTI,21,2,22.13,12.70,3.80,6.80,0.0449,99.33,0.41,0.10,0.01,0.00,0.14,-0.01,0.01
CTI,21,3,22.13,12.70,3.80,6.80,0.0449,99.25,0.45,0.05,0.01,0.01,0.19,0.01,0.04
CTI,22,1,25.16,13.30,4.00,7.00,0.0477,99.34,0.38,0.12,0.01,0.00,0.12,0.00,0.02
CTI,22,2,25.16,13.30,4.00,7.00,0.0477,98.95,0.57,0.27,0.01,0.00,0.25,-0.02,0.02
CTI,22,3,25.16,13.30,4.00,7.00,0.0477,99.18,0.53,-0.01,0.03,0.01,0.17,0.02,0.06
CTI,23,1,25.06,12.80,3.70,7.00,0.0408,99.20,0.41,0.17,0.01,0.00,0.20,0.00,0.01
CTI,23,2,25.06,12.80,3.70,7.00,0.0408,99.29,0.43,0.07,0.03,0.00,0.16,0.00,0.03
CTI,23,3,25.06,12.80,3.70,7.00,0.0408,99.30,0.41,-0.02,0.03,0.01,0.17,0.03,0.07
CTI,24,1,26.84,13.40,4.00,7.30,0.0533,99.11,0.62,0.09,0.01,0.00,0.17,0.00,0.00
CTI,24,2,26.84,13.40,4.00,7.30,0.0533,99.04,0.63,0.12,0.01,0.00,0.17,0.00,0.03
CTI,24,3,26.84,13.40,4.00,7.30,0.0533,98.90,0.66,0.18,0.00,0.03,0.23,-0.01,-0.01
CTI,25,1,22.64,12.80,4.00,6.80,0.0389,99.36,0.39,0.05,0.02,0.00,0.17,0.00,0.02
CTI,25,2,22.64,12.80,4.00,6.80,0.0389,99.31,0.39,0.10,0.02,0.00,0.17,0.00,0.01
CTI,25,3,22.64,12.80,4.00,6.80,0.0389,99.23,0.42,0.07,0.03,0.01,0.20,0.01,0.03
CTI,26,1,26.13,13.40,4.10,7.30,0.0500,99.34,0.38,0.11,0.01,0.01,0.14,0.00,0.01
CTI,26,2,26.13,13.40,4.10,7.30,0.0500,99.29,0.43,0.11,0.01,0.00,0.13,0.00,0.03
CTI,26,3,26.13,13.40,4.10,7.30,0.0500,99.15,0.50,0.14,0.02,0.01,0.16,-0.01,0.01
CTI,27,1,28.60,13.50,4.10,7.10,0.0489,99.30,0.42,0.10,0.02,0.00,0.15,0.00,0.01
CTI,27,2,28.60,13.50,4.10,7.10,0.0489,99.33,0.46,0.03,0.02,0.00,0.13,0.01,0.01
CTI,27,3,28.60,13.50,4.10,7.10,0.0489,99.14,0.39,0.11,0.02,0.04,0.28,0.00,0.03
CTI,28,1,21.26,12.50,4.10,6.90,0.0419,99.41,0.39,0.07,0.01,0.00,0.12,0.00,0.00
CTI,28,2,21.26,12.50,4.10,6.90,0.0419,99.36,0.37,0.05,0.02,0.00,0.13,0.01,0.04
CTI,28,3,21.26,12.50,4.10,6.90,0.0419,99.23,0.39,0.07,0.04,0.00,0.23,0.00,0.04
CTI,29,1,22.63,12.70,3.80,6.50,0.0382,99.32,0.40,0.12,0.01,0.00,0.13,0.01,0.01
CTI,29,2,22.63,12.70,3.80,6.50,0.0382,99.23,0.42,0.14,0.03,0.00,0.13,0.00,0.04
CTI,29,3,22.63,12.70,3.80,6.50,0.0382,99.28,0.44,0.06,0.02,0.01,0.15,0.01,0.03
CTI,30,1,24.97,13.30,4.10,7.00,0.0471,99.26,0.40,0.14,0.02,0.00,0.17,0.00,0.02
CTI,30,2,24.97,13.30,4.10,7.00,0.0471,99.22,0.45,0.13,0.02,0.00,0.19,0.00,0.00
CTI,30,3,24.97,13.30,4.10,7.00,0.0471,99.20,0.47,0.08,0.02,0.01,0.20,0.00,0.03
CTI,31,1,21.16,12.00,3.80,6.20,0.0363,99.30,0.42,0.12,0.02,0.00,0.13,0.00,0.01
CTI,31,2,21.16,12.00,3.80,6.20,0.0363,99.28,0.47,0.10,0.01,0.00,0.12,-0.01,0.02
CTI,31,3,21.16,12.00,3.80,6.20,0.0363,99.20,0.45,0.12,0.02,0.02,0.19,0.00,0.02
CTI,32,1,27.86,13.60,3.90,7.10,0.0483,99.22,0.39,0.19,0.01,0.00,0.16,0.00,0.04
CTI,32,2,27.86,13.60,3.90,7.10,0.0483,99.25,0.40,0.13,0.02,0.00,0.18,0.00,0.02
CTI,32,3,27.86,13.60,3.90,7.10,0.0483,99.17,0.44,0.15,0.02,0.00,0.21,0.00,0.01
CTI,33,1,27.79,13.90,4.10,7.30,0.0533,99.32,0.40,0.12,0.00,0.00,0.16,-0.01,0.01
CTI,33,2,27.79,13.90,4.10,7.30,0.0533,99.33,0.43,0.11,0.00,0.00,0.11,0.00,0.01
CTI,33,3,27.79,13.90,4.10,7.30,0.0533,99.29,0.47,0.00,0.02,0.01,0.16,0.01,0.03
CTI,34,1,28.98,13.60,4.00,7.40,0.0515,99.27,0.39,0.13,0.01,0.00,0.16,0.00,0.02
CTI,34,2,28.98,13.60,4.00,7.40,0.0515,99.32,0.40,0.07,0.01,0.01,0.16,0.01,0.03
CTI,34,3,28.98,13.60,4.00,7.40,0.0515,99.16,0.39,0.15,0.03,0.00,0.22,0.00,0.04
CTI,35,1,25.35,13.10,4.00,6.80,0.0445,99.28,0.41,0.13,0.01,0.01,0.13,0.00,0.02
CTI,35,2,25.35,13.10,4.00,6.80,0.0445,99.39,0.41,0.05,0.01,0.00,0.12,0.00,0.02
CTI,35,3,25.35,13.10,4.00,6.80,0.0445,99.27,0.41,0.08,0.02,0.01,0.18,0.00,0.03
CTI,36,1,25.97,13.20,4.00,7.00,0.0414,99.35,0.30,0.16,0.01,0.00,0.15,0.00,0.03
CTI,36,2,25.97,13.20,4.00,7.00,0.0414,99.50,0.27,0.04,0.01,0.00,0.13,0.01,0.04
CTI,36,3,25.97,13.20,4.00,7.00,0.0414,99.40,0.28,0.15,0.00,0.01,0.14,-0.01,0.01
CTI,37,1,22.27,12.30,4.10,6.60,0.0445,99.36,0.34,0.14,0.01,0.00,0.15,-0.01,0.00
CTI,37,2,22.27,12.30,4.10,6.60,0.0445,99.32,0.37,0.11,0.02,0.00,0.17,0.00,0.01
CTI,37,3,22.27,12.30,4.10,6.60,0.0445,99.38,0.37,0.07,0.01,0.01,0.14,0.01,0.02
CTI,38,1,24.01,12.90,4.10,6.90,0.0429,99.17,0.39,0.24,0.03,0.00,0.13,0.00,0.05
CTI,38,2,24.01,12.90,4.10,6.90,0.0429,99.26,0.44,0.10,0.02,0.00,0.14,0.00,0.04
CTI,38,3,24.01,12.90,4.10,6.90,0.0429,99.12,0.49,0.14,0.01,0.00,0.23,-0.01,0.02
CTI,39,1,24.42,13.00,3.80,6.90,0.0435,99.26,0.42,0.13,0.02,0.00,0.15,0.00,0.01
CTI,39,2,24.42,13.00,3.80,6.90,0.0435,99.30,0.45,0.09,0.01,0.00,0.15,0.00,0.01
CTI,39,3,24.42,13.00,3.80,6.90,0.0435,99.22,0.48,0.07,0.01,0.01,0.18,0.00,0.03
CTI,40,1,25.89,13.30,3.90,7.00,0.0475,99.17,0.49,0.17,0.01,0.00,0.19,-0.01,-0.01
CTI,40,2,25.89,13.30,3.90,7.00,0.0475,99.31,0.44,0.06,0.01,0.00,0.16,0.00,0.02
CTI,40,3,25.89,13.30,3.90,7.00,0.0475,99.19,0.48,0.12,0.01,0.00,0.18,0.00,0.02
CTI,41,1,22.23,12.70,4.00,7.00,0.0431,99.23,0.44,0.14,0.00,0.00,0.17,-0.01,0.03
CTI,41,2,22.23,12.70,4.00,7.00,0.0431,99.33,0.42,0.05,0.01,0.00,0.16,0.00,0.02
CTI,41,3,22.23,12.70,4.00,7.00,0.0431,99.28,0.46,0.07,0.02,0.00,0.13,0.01,0.03
PKN,1,1,34.60,13.90,4.30,7.60,0.0577,99.24,0.49,0.14,0.01,0.00,0.13,-0.01,0.00
PKN,1,2,34.60,13.90,4.30,7.60,0.0577,99.17,0.48,0.14,0.02,0.00,0.19,-0.02,0.01
PKN,1,3,34.60,13.90,4.30,7.60,0.0577,99.05,0.47,0.21,0.01,0.02,0.23,-0.02,0.02
PKN,2,1,35.30,14.20,4.10,7.20,0.0506,99.19,0.45,0.15,0.02,0.00,0.18,0.00,0.01
PKN,2,2,35.30,14.20,4.10,7.20,0.0506,99.31,0.43,0.06,0.01,0.00,0.16,0.01,0.01
PKN,2,3,35.30,14.20,4.10,7.20,0.0506,99.21,0.44,0.10,0.02,0.04,0.19,-0.01,0.02
PKN,3,1,41.70,14.70,4.40,7.10,0.0535,99.18,0.49,0.13,0.01,0.00,0.18,0.00,0.00
PKN,3,2,41.70,14.70,4.40,7.10,0.0535,99.24,0.53,0.06,0.00,0.00,0.15,0.00,0.02
PKN,3,3,41.70,14.70,4.40,7.10,0.0535,99.15,0.54,0.06,0.02,0.01,0.18,0.00,0.03
PKN,4,1,32.70,13.90,4.20,6.50,0.0487,99.26,0.46,0.10,0.01,0.00,0.16,0.00,0.01
PKN,4,2,32.70,13.90,4.20,6.50,0.0487,99.26,0.48,0.05,0.01,0.01,0.18,0.00,0.02
PKN,4,3,32.70,13.90,4.20,6.50,0.0487,99.11,0.61,0.09,0.01,0.00,0.15,-0.01,0.03
PKN,5,1,51.00,15.40,4.60,7.90,0.0639,99.30,0.43,0.10,0.00,0.00,0.16,0.00,0.01
PKN,5,2,51.00,15.40,4.60,7.90,0.0639,99.33,0.43,0.07,0.01,0.00,0.13,0.01,0.02
PKN,5,3,51.00,15.40,4.60,7.90,0.0639,99.23,0.46,0.08,0.02,0.01,0.18,0.00,0.03
PKN,6,1,32.50,13.60,3.90,6.90,0.0457,99.34,0.40,0.09,0.02,0.00,0.13,0.00,0.02
PKN,6,2,32.50,13.60,3.90,6.90,0.0457,99.34,0.44,0.06,0.01,0.00,0.15,0.00,0.01
PKN,6,3,32.50,13.60,3.90,6.90,0.0457,99.26,0.52,0.02,0.04,0.01,0.09,0.01,0.05
PKN,7,1,36.50,13.90,4.00,7.10,0.0507,99.31,0.40,0.11,0.01,0.00,0.15,0.00,0.01
PKN,7,2,36.50,13.90,4.00,7.10,0.0507,99.15,0.45,0.19,0.00,0.00,0.18,0.00,0.03
PKN,7,3,36.50,13.90,4.00,7.10,0.0507,99.23,0.48,0.03,0.05,0.01,0.14,0.01,0.05
PKN,8,1,34.60,13.90,4.00,7.00,0.0523,99.34,0.37,0.10,0.01,0.00,0.15,0.00,0.03
PKN,8,2,34.60,13.90,4.00,7.00,0.0523,99.26,0.40,0.15,0.02,0.01,0.17,0.00,0.01
PKN,8,3,34.60,13.90,4.00,7.00,0.0523,99.30,0.46,0.03,0.03,0.00,0.12,0.01,0.04
PKN,9,1,32.80,13.30,4.20,7.00,0.0470,99.24,0.45,0.14,0.01,0.00,0.16,-0.02,0.02
PKN,9,2,32.80,13.30,4.20,7.00,0.0470,99.27,0.44,0.06,0.01,0.00,0.20,0.00,0.01
PKN,9,3,32.80,13.30,4.20,7.00,0.0470,99.27,0.47,0.01,0.02,0.01,0.17,0.02,0.04
PKN,10,1,30.30,13.40,3.70,6.80,0.0447,99.29,0.42,0.14,0.01,0.00,0.13,0.00,0.01
PKN,10,2,30.30,13.40,3.70,6.80,0.0447,99.29,0.44,0.07,0.01,0.01,0.15,0.00,0.03
PKN,10,3,30.30,13.40,3.70,6.80,0.0447,99.16,0.44,0.14,0.01,0.01,0.24,-0.01,0.02
PKN,11,1,37.20,14.30,4.20,7.30,0.0559,99.15,0.46,0.15,0.02,0.00,0.22,-0.01,0.01
PKN,11,2,37.20,14.30,4.20,7.30,0.0559,99.31,0.44,0.08,0.01,0.01,0.14,0.01,0.02
PKN,11,3,37.20,14.30,4.20,7.30,0.0559,99.21,0.47,0.06,0.01,0.01,0.22,0.01,0.02
PKN,12,1,28.60,13.10,4.10,7.10,0.0437,99.35,0.40,0.08,0.01,0.00,0.16,0.00,0.01
PKN,12,2,28.60,13.10,4.10,7.10,0.0437,99.31,0.41,0.11,0.02,0.00,0.13,0.00,0.02
PKN,12,3,28.60,13.10,4.10,7.10,0.0437,99.20,0.51,0.01,0.02,0.00,0.18,0.02,0.05
PKN,13,1,47.40,16.00,4.50,8.50,0.0760,99.16,0.43,0.18,0.01,0.00,0.20,0.00,0.01
PKN,13,2,47.40,16.00,4.50,8.50,0.0760,99.24,0.44,0.12,0.01,0.00,0.16,0.00,0.02
PKN,13,3,47.40,16.00,4.50,8.50,0.0760,99.05,0.49,0.19,0.00,0.02,0.24,-0.01,0.01
PKN,14,1,30.60,13.40,4.40,7.90,0.0633,99.07,0.49,0.22,0.02,0.00,0.22,-0.01,0.01
PKN,14,2,30.60,13.40,4.40,7.90,0.0633,99.17,0.47,0.13,0.01,0.00,0.21,-0.01,0.02
PKN,14,3,30.60,13.40,4.40,7.90,0.0633,99.01,0.52,0.18,0.05,0.01,0.24,-0.01,0.00
PKN,15,1,48.20,15.90,3.90,7.30,0.0460,99.22,0.43,0.17,0.02,0.00,0.15,-0.01,0.00
PKN,15,2,48.20,15.90,3.90,7.30,0.0460,99.29,0.41,0.08,0.02,0.00,0.18,0.00,0.02
PKN,15,3,48.20,15.90,3.90,7.30,0.0460,99.29,0.46,0.05,0.02,0.01,0.15,0.00,0.02
PKN,16,1,26.40,13.20,3.80,7.20,0.0475,99.32,0.40,0.10,0.01,0.00,0.17,0.00,0.00
PKN,16,2,26.40,13.20,3.80,7.20,0.0475,99.31,0.39,0.09,0.02,0.00,0.16,0.01,0.03
PKN,16,3,26.40,13.20,3.80,7.20,0.0475,99.10,0.41,0.27,0.00,0.03,0.22,-0.02,-0.01
PKN,17,1,23.60,12.80,3.70,6.60,0.0445,99.15,0.48,0.21,0.02,0.00,0.15,-0.01,0.00
PKN,17,2,23.60,12.80,3.70,6.60,0.0445,99.25,0.42,0.13,0.02,0.00,0.13,0.00,0.04
PKN,17,3,23.60,12.80,3.70,6.60,0.0445,99.08,0.45,0.14,0.02,0.07,0.24,-0.01,0.02
PKN,18,1,37.70,14.90,4.10,7.70,0.0551,99.34,0.33,0.13,0.01,0.00,0.16,0.00,0.02
PKN,18,2,37.70,14.90,4.10,7.70,0.0551,99.43,0.36,0.05,0.01,0.00,0.14,0.00,0.01
PKN,18,3,37.70,14.90,4.10,7.70,0.0551,99.15,0.35,0.17,0.03,0.01,0.27,0.00,0.03
PKN,19,1,36.70,13.80,3.90,6.90,0.0476,99.29,0.39,0.10,0.02,0.00,0.18,0.00,0.02
PKN,19,2,36.70,13.80,3.90,6.90,0.0476,99.35,0.40,0.10,0.02,0.00,0.14,0.00,0.00
PKN,19,3,36.70,13.80,3.90,6.90,0.0476,99.22,0.48,0.03,0.02,0.01,0.21,0.01,0.04
PKN,20,1,21.90,12.00,3.70,6.70,0.0397,99.29,0.38,0.15,0.01,0.00,0.13,0.00,0.02
PKN,20,2,21.90,12.00,3.70,6.70,0.0397,99.34,0.38,0.12,0.02,0.00,0.13,0.00,0.02
PKN,20,3,21.90,12.00,3.70,6.70,0.0397,99.31,0.43,0.02,0.03,0.01,0.14,0.02,0.05
PKN,21,1,41.60,14.30,4.00,7.60,0.0513,99.27,0.44,0.09,0.01,0.00,0.17,-0.01,0.02
PKN,21,2,41.60,14.30,4.00,7.60,0.0513,99.18,0.48,0.10,0.01,0.00,0.21,0.00,0.01
PKN,21,3,41.60,14.30,4.00,7.60,0.0513,99.15,0.54,0.11,0.02,0.01,0.15,0.00,0.02
PKN,22,1,40.00,13.20,4.10,7.10,0.0461,99.30,0.39,0.10,0.01,0.00,0.17,0.00,0.02
PKN,22,2,40.00,13.20,4.10,7.10,0.0461,99.32,0.41,0.09,0.00,0.01,0.14,0.00,0.03
PKN,22,3,40.00,13.20,4.10,7.10,0.0461,99.24,0.43,0.09,0.02,0.01,0.17,0.00,0.04
PKN,23,1,23.60,14.50,4.00,7.50,0.0537,99.28,0.39,0.11,0.02,0.00,0.18,0.00,0.02
PKN,23,2,23.60,14.50,4.00,7.50,0.0537,99.26,0.43,0.10,0.01,0.00,0.20,0.00,0.00
PKN,23,3,23.60,14.50,4.00,7.50,0.0537,99.18,0.44,0.15,0.01,0.00,0.21,-0.01,0.01
PKN,24,1,35.40,12.20,3.40,6.60,0.0345,99.26,0.45,0.08,0.01,0.00,0.17,0.00,0.02
PKN,24,2,35.40,12.20,3.40,6.60,0.0345,99.25,0.50,0.04,0.02,0.00,0.15,0.01,0.03
PKN,24,3,35.40,12.20,3.40,6.60,0.0345,99.21,0.51,0.02,0.03,0.04,0.14,0.01,0.05
PKN,25,1,41.60,13.70,4.00,7.20,0.0538,99.33,0.38,0.08,0.01,0.00,0.17,0.00,0.02
PKN,25,2,41.60,13.70,4.00,7.20,0.0538,99.23,0.44,0.13,0.01,0.00,0.18,0.00,0.01
PKN,25,3,41.60,13.70,4.00,7.20,0.0538,99.19,0.50,0.03,0.03,0.01,0.19,0.01,0.04
PKN,26,1,41.50,14.80,4.20,6.80,0.0485,99.28,0.34,0.13,0.02,0.00,0.19,0.00,0.04
PKN,26,2,41.50,14.80,4.20,6.80,0.0485,99.42,0.33,0.07,0.01,0.00,0.15,0.00,0.03
PKN,26,3,41.50,14.80,4.20,6.80,0.0485,99.29,0.35,0.14,0.00,0.01,0.19,0.00,0.01
PKN,27,1,41.70,14.90,3.80,7.50,0.0616,99.13,0.49,0.18,0.01,0.00,0.21,-0.02,0.00
PKN,27,2,41.70,14.90,3.80,7.50,0.0616,99.31,0.48,0.05,0.00,0.00,0.15,-0.01,0.01
PKN,27,3,41.70,14.90,3.80,7.50,0.0616,99.28,0.51,-0.01,0.02,0.01,0.13,0.02,0.04
PKN,28,1,53.00,16.10,4.30,8.10,0.0706,99.23,0.44,0.13,0.02,0.00,0.17,0.00,0.01
PKN,28,2,53.00,16.10,4.30,8.10,0.0706,99.30,0.42,0.10,0.01,0.00,0.16,0.00,0.02
PKN,28,3,53.00,16.10,4.30,8.10,0.0706,99.07,0.51,0.17,0.02,0.01,0.22,0.00,0.01
PKN,29,1,38.70,14.10,4.40,7.40,0.0607,99.15,0.50,0.17,0.01,0.00,0.18,-0.01,0.00
PKN,29,2,38.70,14.10,4.40,7.40,0.0607,99.36,0.43,0.05,0.01,0.00,0.14,0.00,0.01
PKN,29,3,38.70,14.10,4.40,7.40,0.0607,99.15,0.49,0.12,0.03,0.01,0.20,-0.01,0.03
PKN,30,1,28.80,13.00,4.00,6.70,0.0409,99.20,0.47,0.12,0.02,0.00,0.18,0.00,0.01
PKN,30,2,28.80,13.00,4.00,6.70,0.0409,99.31,0.45,0.04,0.02,0.01,0.16,0.00,0.02
PKN,30,3,28.80,13.00,4.00,6.70,0.0409,99.17,0.45,0.14,0.03,0.01,0.17,0.00,0.03
SKN,11,1,23.70,12.50,4.20,6.70,0.0454,99.23,0.44,0.12,0.02,0.00,0.18,0.00,0.02
SKN,11,2,23.70,12.50,4.20,6.70,0.0454,99.25,0.46,0.09,0.02,0.00,0.15,0.00,0.02
SKN,11,3,23.70,12.50,4.20,6.70,0.0454,99.22,0.49,0.03,0.03,0.01,0.18,0.01,0.04
SKN,12,1,28.10,13.30,4.20,7.20,0.0450,99.34,0.43,0.08,0.01,0.00,0.12,0.00,0.01
SKN,12,2,28.10,13.30,4.20,7.20,0.0450,99.31,0.48,0.06,0.01,0.01,0.14,0.00,0.01
SKN,12,3,28.10,13.30,4.20,7.20,0.0450,99.17,0.51,0.08,0.02,0.01,0.19,0.00,0.02
SKN,13,1,24.70,12.90,4.10,6.90,0.0421,99.32,0.43,0.07,0.01,0.00,0.15,0.00,0.02
SKN,13,2,24.70,12.90,4.10,6.90,0.0421,99.24,0.46,0.09,0.01,0.00,0.15,0.00,0.04
SKN,13,3,24.70,12.90,4.10,6.90,0.0421,99.14,0.45,0.14,0.03,0.01,0.18,0.00,0.04
SKN,14,1,19.50,11.60,3.90,6.70,0.0409,99.24,0.47,0.07,0.02,0.00,0.17,0.00,0.02
SKN,14,2,19.50,11.60,3.90,6.70,0.0409,99.28,0.45,0.04,0.01,0.01,0.19,0.01,0.03
SKN,14,3,19.50,11.60,3.90,6.70,0.0409,99.28,0.46,0.05,0.01,0.01,0.14,0.01,0.04
SKN,15,1,19.00,11.90,3.80,6.40,0.0330,99.32,0.43,0.07,0.02,0.00,0.14,0.00,0.02
SKN,15,2,19.00,11.90,3.80,6.40,0.0330,99.28,0.45,0.06,0.02,0.00,0.15,-0.01,0.05
SKN,15,3,19.00,11.90,3.80,6.40,0.0330,99.16,0.40,0.18,0.06,0.02,0.17,-0.01,0.02
SKN,16,1,25.00,12.70,3.80,6.90,0.0339,99.27,0.46,0.07,0.02,0.00,0.16,0.00,0.02
SKN,16,2,25.00,12.70,3.80,6.90,0.0339,99.31,0.47,0.02,0.03,0.00,0.15,0.00,0.03
SKN,16,3,25.00,12.70,3.80,6.90,0.0339,99.17,0.45,0.12,0.01,0.01,0.21,0.00,0.03
SKN,17,1,34.80,14.20,4.40,7.70,0.0618,99.21,0.40,0.15,0.02,0.00,0.19,0.01,0.02
SKN,17,2,34.80,14.20,4.40,7.70,0.0618,99.20,0.45,0.12,0.02,0.00,0.19,0.00,0.02
SKN,17,3,34.80,14.20,4.40,7.70,0.0618,99.14,0.42,0.23,0.01,0.01,0.17,0.00,0.03
SKN,18,1,22.70,12.60,3.30,6.40,0.0330,99.32,0.43,0.12,0.02,0.00,0.12,-0.01,0.00
SKN,18,2,22.70,12.60,3.30,6.40,0.0330,99.30,0.44,0.04,0.03,0.00,0.16,0.00,0.03
SKN,18,3,22.70,12.60,3.30,6.40,0.0330,99.16,0.42,0.15,0.03,0.02,0.21,-0.01,0.02
SKN,19,1,24.20,12.50,4.00,6.60,0.0401,99.24,0.44,0.10,0.02,0.00,0.18,0.00,0.02
SKN,19,2,24.20,12.50,4.00,6.60,0.0401,99.16,0.50,0.10,0.02,0.00,0.21,0.00,0.01
SKN,19,3,24.20,12.50,4.00,6.60,0.0401,99.10,0.55,0.07,0.02,0.02,0.19,0.00,0.05
SKN,20,1,27.80,13.10,4.20,7.00,0.0442,99.15,0.46,0.14,0.01,0.00,0.22,0.00,0.02
SKN,20,2,27.80,13.10,4.20,7.00,0.0442,99.24,0.43,0.11,0.01,0.00,0.17,0.00,0.04
SKN,20,3,27.80,13.10,4.20,7.00,0.0442,99.18,0.47,0.07,0.03,0.01,0.18,0.01,0.05
SKN,21,1,22.80,12.40,3.70,6.40,0.0369,99.31,0.41,0.06,0.01,0.00,0.20,0.00,0.01
SKN,21,2,22.80,12.40,3.70,6.40,0.0369,99.31,0.46,0.04,0.01,0.00,0.15,0.00,0.02
SKN,21,3,22.80,12.40,3.70,6.40,0.0369,99.23,0.45,0.05,0.01,0.01,0.21,0.01,0.04
SKN,22,1,21.30,11.80,3.70,6.00,0.0310,99.18,0.44,0.15,0.02,0.01,0.19,0.00,0.02
SKN,22,2,21.30,11.80,3.70,6.00,0.0310,99.32,0.42,0.09,0.01,0.00,0.12,0.01,0.03
SKN,22,3,21.30,11.80,3.70,6.00,0.0310,99.23,0.43,0.11,0.02,0.03,0.17,0.00,0.02
SKN,23,1,22.30,12.50,4.00,6.60,0.0391,99.23,0.47,0.11,0.01,0.00,0.17,0.00,0.01
SKN,23,2,22.30,12.50,4.00,6.60,0.0391,99.27,0.47,0.03,0.02,0.00,0.17,0.00,0.04
SKN,23,3,22.30,12.50,4.00,6.60,0.0391,99.16,0.46,0.08,0.03,0.04,0.16,0.01,0.06
SKN,24,1,20.80,12.00,3.70,6.50,0.0378,99.15,0.46,0.16,0.02,0.00,0.20,0.00,0.02
SKN,24,2,20.80,12.00,3.70,6.50,0.0378,99.25,0.47,0.06,0.03,0.00,0.15,0.00,0.04
SKN,24,3,20.80,12.00,3.70,6.50,0.0378,99.13,0.46,0.14,0.02,0.04,0.21,-0.01,0.02
SKN,25,1,28.70,13.60,4.20,7.50,0.0550,99.28,0.41,0.12,0.01,0.00,0.16,0.00,0.01
SKN,25,2,28.70,13.60,4.20,7.50,0.0550,99.20,0.43,0.15,0.02,0.00,0.20,0.00,0.01
SKN,25,3,28.70,13.60,4.20,7.50,0.0550,99.14,0.46,0.13,0.03,0.01,0.22,-0.01,0.03
SKN,26,1,29.40,13.20,4.00,6.70,0.0389,99.30,0.42,0.08,0.01,0.00,0.17,0.01,0.02
SKN,26,2,29.40,13.20,4.00,6.70,0.0389,99.27,0.48,0.03,0.02,0.01,0.15,0.01,0.01
SKN,26,3,29.40,13.20,4.00,6.70,0.0389,99.20,0.45,0.06,0.03,0.04,0.14,0.01,0.05
SKN,27,1,19.70,11.80,3.70,6.30,0.0347,99.27,0.46,0.08,0.01,0.01,0.15,0.00,0.02
SKN,27,2,19.70,11.80,3.70,6.30,0.0347,99.26,0.49,0.05,0.01,0.00,0.15,0.01,0.03
SKN,27,3,19.70,11.80,3.70,6.30,0.0347,99.24,0.51,0.01,0.04,0.01,0.15,0.02,0.04
SKN,28,1,28.90,13.40,4.20,6.90,0.0469,99.23,0.44,0.15,0.02,0.00,0.15,0.00,0.02
SKN,28,2,28.90,13.40,4.20,6.90,0.0469,99.22,0.45,0.10,0.03,0.00,0.17,0.00,0.04
SKN,28,3,28.90,13.40,4.20,6.90,0.0469,99.24,0.49,0.05,0.01,0.01,0.16,0.00,0.04
SKN,29,1,25.00,12.60,3.80,6.60,0.0377,99.31,0.42,0.10,0.01,0.00,0.16,0.00,0.00
SKN,29,2,25.00,12.60,3.80,6.60,0.0377,99.30,0.38,0.08,0.03,0.00,0.18,0.00,0.04
SKN,29,3,25.00,12.60,3.80,6.60,0.0377,99.29,0.43,0.04,0.02,0.01,0.15,0.01,0.05
SKN,30,1,18.70,11.60,3.80,6.20,0.0312,99.23,0.42,0.12,0.03,0.00,0.18,0.00,0.02
SKN,30,2,18.70,11.60,3.80,6.20,0.0312,99.18,0.55,0.10,0.01,0.00,0.17,-0.01,0.00
SKN,30,3,18.70,11.60,3.80,6.20,0.0312,99.15,0.48,0.11,0.03,0.01,0.22,-0.01,0.01
SKN,31,1,29.20,13.60,4.20,7.00,0.0495,99.27,0.45,0.07,0.01,0.00,0.19,0.00,0.01
SKN,31,2,29.20,13.60,4.20,7.00,0.0495,99.14,0.53,0.12,0.01,0.00,0.20,-0.02,0.02
SKN,31,3,29.20,13.60,4.20,7.00,0.0495,99.20,0.54,0.02,0.02,0.00,0.19,0.00,0.03
SKN,32,1,18.70,11.80,3.80,6.40,0.0372,99.23,0.45,0.10,0.00,0.01,0.19,0.00,0.02
SKN,32,2,18.70,11.80,3.80,6.40,0.0372,99.16,0.53,0.09,0.01,0.00,0.19,0.00,0.01
SKN,32,3,18.70,11.80,3.80,6.40,0.0372,99.08,0.59,0.16,0.00,0.01,0.15,0.00,0.01
SKN,33,1,33.80,13.80,4.20,7.10,0.0471,99.14,0.45,0.15,0.01,0.00,0.23,0.00,0.01
SKN,33,2,33.80,13.80,4.20,7.10,0.0471,99.21,0.48,0.10,0.02,0.00,0.18,0.00,0.01
SKN,33,3,33.80,13.80,4.20,7.10,0.0471,99.17,0.45,0.09,0.01,0.01,0.24,0.00,0.02
SKN,34,1,25.90,12.50,4.00,6.90,0.0455,99.28,0.41,0.07,0.03,0.00,0.19,0.00,0.02
SKN,34,2,25.90,12.50,4.00,6.90,0.0455,99.28,0.42,0.08,0.01,0.00,0.18,0.00,0.02
SKN,34,3,25.90,12.50,4.00,6.90,0.0455,99.29,0.44,0.03,0.03,0.01,0.16,0.01,0.04
SKN,35,1,19.60,11.70,3.80,6.00,0.0368,99.22,0.46,0.08,0.01,0.00,0.23,0.00,0.01
SKN,35,2,19.60,11.70,3.80,6.00,0.0368,99.29,0.45,0.05,0.02,0.00,0.15,0.00,0.03
SKN,35,3,19.60,11.70,3.80,6.00,0.0368,99.21,0.51,0.04,0.03,0.00,0.18,0.01,0.02
SKN,36,1,27.50,13.00,4.00,7.00,0.0443,99.32,0.43,0.06,0.01,0.01,0.17,0.00,0.01
SKN,36,2,27.50,13.00,4.00,7.00,0.0443,99.25,0.47,0.11,0.01,0.00,0.15,0.00,0.02
SKN,36,3,27.50,13.00,4.00,7.00,0.0443,99.23,0.46,0.05,0.01,0.01,0.20,0.01,0.02
SKN,37,1,21.90,12.50,3.80,6.80,0.0391,99.29,0.41,0.14,0.01,0.00,0.14,-0.01,0.02
SKN,37,2,21.90,12.50,3.80,6.80,0.0391,99.31,0.44,0.04,0.02,0.00,0.15,0.00,0.03
SKN,37,3,21.90,12.50,3.80,6.80,0.0391,99.13,0.45,0.11,0.03,0.03,0.19,0.01,0.05
SKN,38,1,24.80,12.60,4.10,7.10,0.0457,99.21,0.42,0.14,0.02,0.01,0.18,0.01,0.02
SKN,38,2,24.80,12.60,4.10,7.10,0.0457,99.23,0.45,0.13,0.00,0.00,0.16,0.00,0.03
SKN,38,3,24.80,12.60,4.10,7.10,0.0457,99.28,0.50,0.03,0.03,0.01,0.12,0.00,0.03
SKN,39,1,22.80,12.20,3.70,6.20,0.0363,99.28,0.47,0.07,0.01,0.00,0.14,0.00,0.01
SKN,39,2,22.80,12.20,3.70,6.20,0.0363,99.24,0.45,0.11,0.02,0.00,0.15,0.00,0.03
SKN,39,3,22.80,12.20,3.70,6.20,0.0363,99.24,0.52,0.02,0.01,0.01,0.17,0.00,0.03
SKN,40,1,23.20,11.60,3.70,6.10,0.0373,99.30,0.33,0.13,0.02,0.00,0.20,0.00,0.03
SKN,40,2,23.20,11.60,3.70,6.10,0.0373,99.33,0.37,0.11,0.02,0.00,0.14,0.00,0.03
SKN,40,3,23.20,11.60,3.70,6.10,0.0373,99.27,0.41,0.04,0.05,0.01,0.15,0.01,0.06
SNI,1,1,17.00,11.10,3.50,6.00,0.0299,98.94,0.76,0.14,0.01,0.00,0.15,-0.01,0.01
SNI,1,2,17.00,11.10,3.50,6.00,0.0299,99.14,0.58,0.05,0.02,0.00,0.17,0.01,0.03
SNI,1,3,17.00,11.10,3.50,6.00,0.0299,99.03,0.70,0.04,0.02,0.01,0.16,0.01,0.05
SNI,2,1,15.60,10.90,3.20,5.90,0.0252,99.26,0.50,0.08,0.01,0.00,0.14,0.00,0.01
SNI,2,2,15.60,10.90,3.20,5.90,0.0252,99.21,0.52,0.06,0.01,0.00,0.16,0.00,0.02
SNI,2,3,15.60,10.90,3.20,5.90,0.0252,99.18,0.58,0.00,0.02,0.01,0.13,0.02,0.05
SNI,3,1,16.30,11.20,3.40,6.00,0.0256,99.25,0.46,0.12,0.02,0.00,0.12,0.00,0.02
SNI,3,2,16.30,11.20,3.40,6.00,0.0256,99.17,0.49,0.12,0.03,0.01,0.15,0.00,0.04
SNI,3,3,16.30,11.20,3.40,6.00,0.0256,99.24,0.49,0.01,0.02,0.01,0.15,0.02,0.06
SNI,4,1,10.40,9.60,3.30,5.40,0.0226,99.27,0.49,0.06,0.02,0.00,0.14,0.00,0.01
SNI,4,2,10.40,9.60,3.30,5.40,0.0226,99.22,0.51,0.05,0.02,0.01,0.16,0.00,0.02
SNI,4,3,10.40,9.60,3.30,5.40,0.0226,99.20,0.48,0.10,0.01,0.01,0.17,0.00,0.02
SNI,5,1,13.60,10.20,3.30,5.90,0.0248,99.33,0.46,0.05,0.01,0.00,0.13,0.00,0.02
SNI,5,2,13.60,10.20,3.30,5.90,0.0248,99.30,0.44,0.05,0.02,0.00,0.16,0.01,0.02
SNI,5,3,13.60,10.20,3.30,5.90,0.0248,99.19,0.46,0.14,0.01,0.01,0.18,-0.01,0.02
SNI,6,1,11.20,10.00,3.20,5.30,0.0200,99.24,0.49,0.09,0.02,0.00,0.14,-0.01,0.03
SNI,6,2,11.20,10.00,3.20,5.30,0.0200,99.07,0.58,0.13,0.03,0.00,0.18,-0.01,0.02
SNI,6,3,11.20,10.00,3.20,5.30,0.0200,99.09,0.65,0.00,0.03,0.00,0.17,0.02,0.03
SNI,7,1,6.90,8.70,3.10,5.00,0.0182,99.30,0.38,0.08,0.01,0.00,0.20,0.01,0.02
SNI,7,2,6.90,8.70,3.10,5.00,0.0182,99.32,0.38,0.07,0.02,0.01,0.17,0.00,0.03
SNI,7,3,6.90,8.70,3.10,5.00,0.0182,99.36,0.40,-0.03,0.04,0.01,0.13,0.03,0.05
SNI,8,1,11.20,11.30,3.10,6.10,0.0275,99.29,0.43,0.05,0.01,0.01,0.20,0.00,0.01
SNI,8,2,11.20,11.30,3.10,6.10,0.0275,99.29,0.46,0.04,0.01,0.01,0.17,0.00,0.02
SNI,8,3,11.20,11.30,3.10,6.10,0.0275,99.25,0.52,0.01,0.02,0.00,0.15,0.01,0.04
SNI,9,1,15.30,11.00,3.50,5.80,0.0262,99.25,0.49,0.05,0.02,0.01,0.14,0.01,0.03
SNI,9,2,15.30,11.00,3.50,5.80,0.0262,99.11,0.59,0.11,0.02,0.00,0.16,0.00,0.01
SNI,9,3,15.30,11.00,3.50,5.80,0.0262,99.04,0.71,0.07,0.01,0.00,0.14,0.00,0.02
SNI,10,1,12.30,10.00,3.40,5.80,0.0270,99.46,0.24,0.09,0.02,0.01,0.17,0.00,0.02
SNI,10,2,12.30,10.00,3.40,5.80,0.0270,99.47,0.27,0.05,0.02,0.01,0.15,0.00,0.03
SNI,10,3,12.30,10.00,3.40,5.80,0.0270,99.39,0.25,0.12,0.01,0.01,0.21,0.00,0.00
SNI,11,1,13.60,10.40,3.50,5.70,0.0231,99.20,0.53,0.09,0.02,0.00,0.14,0.00,0.01
SNI,11,2,13.60,10.40,3.50,5.70,0.0231,99.11,0.65,0.07,0.01,0.00,0.14,0.00,0.02
SNI,11,3,13.60,10.40,3.50,5.70,0.0231,99.01,0.64,0.05,0.02,0.04,0.16,0.02,0.06
SNI,12,1,13.90,10.50,3.40,5.70,0.0268,99.27,0.46,0.08,0.02,0.00,0.14,0.00,0.03
SNI,12,2,13.90,10.50,3.40,5.70,0.0268,99.25,0.49,0.05,0.01,0.00,0.16,0.01,0.02
SNI,12,3,13.90,10.50,3.40,5.70,0.0268,99.14,0.58,0.01,0.02,0.01,0.18,0.02,0.05
SNI,13,1,13.30,10.50,3.30,5.90,0.0267,99.43,0.25,0.08,0.02,0.00,0.19,0.00,0.03
SNI,13,2,13.30,10.50,3.30,5.90,0.0267,99.46,0.28,0.09,0.02,0.00,0.13,0.01,0.02
SNI,13,3,13.30,10.50,3.30,5.90,0.0267,99.33,0.27,0.12,0.03,0.01,0.20,0.00,0.04
SNI,14,1,15.80,11.20,3.30,6.20,0.0339,99.24,0.47,0.09,0.01,0.00,0.17,0.00,0.02
SNI,14,2,15.80,11.20,3.30,6.20,0.0339,99.10,0.52,0.13,0.01,0.00,0.23,0.00,0.01
SNI,14,3,15.80,11.20,3.30,6.20,0.0339,99.15,0.60,0.04,0.03,0.01,0.14,0.00,0.03
SNI,15,1,14.70,10.70,3.40,5.80,0.0271,99.46,0.18,0.11,0.01,0.00,0.21,-0.01,0.03
SNI,15,2,14.70,10.70,3.40,5.80,0.0271,99.51,0.20,0.05,0.03,0.00,0.14,0.01,0.05
SNI,15,3,14.70,10.70,3.40,5.80,0.0271,99.50,0.17,0.03,0.03,0.01,0.20,0.02,0.04
SNI,16,1,15.50,11.10,3.50,5.90,0.0275,99.22,0.45,0.09,0.03,0.00,0.16,0.00,0.03
SNI,16,2,15.50,11.10,3.50,5.90,0.0275,99.22,0.49,0.07,0.02,0.00,0.17,0.01,0.03
SNI,16,3,15.50,11.10,3.50,5.90,0.0275,99.17,0.54,0.05,0.02,0.01,0.15,0.01,0.04
SNI,17,1,11.10,9.90,3.20,5.40,0.0219,99.30,0.46,0.09,0.02,0.00,0.10,0.00,0.03
SNI,17,2,11.10,9.90,3.20,5.40,0.0219,99.29,0.48,0.02,0.02,0.00,0.14,0.01,0.04
SNI,17,3,11.10,9.90,3.20,5.40,0.0219,99.21,0.53,0.00,0.06,0.01,0.11,0.02,0.06
SNI,18,1,14.60,10.80,3.60,6.10,0.0273,99.20,0.46,0.11,0.02,0.01,0.19,0.00,0.02
SNI,18,2,14.60,10.80,3.60,6.10,0.0273,99.24,0.47,0.08,0.03,0.00,0.14,0.01,0.04
SNI,18,3,14.60,10.80,3.60,6.10,0.0273,99.02,0.52,0.22,0.02,0.01,0.22,-0.01,0.01
SNI,19,1,9.80,9.60,3.40,5.50,0.0235,99.29,0.44,0.05,0.02,0.01,0.17,0.00,0.03
SNI,19,2,9.80,9.60,3.40,5.50,0.0235,99.24,0.49,0.05,0.01,0.00,0.18,0.01,0.03
SNI,19,3,9.80,9.60,3.40,5.50,0.0235,99.22,0.48,0.05,0.02,0.02,0.17,0.01,0.03
SNI,20,1,15.30,11.00,3.50,6.00,0.0276,99.33,0.45,0.04,0.01,0.00,0.15,0.00,0.01
SNI,20,2,15.30,11.00,3.50,6.00,0.0276,99.23,0.49,0.04,0.02,0.00,0.18,0.01,0.03
SNI,20,3,15.30,11.00,3.50,6.00,0.0276,99.17,0.56,0.00,0.02,0.01,0.17,0.03,0.06
SNI,21,1,13.50,10.70,3.20,5.70,0.0230,99.26,0.42,0.07,0.02,0.01,0.19,0.01,0.03
SNI,21,2,13.50,10.70,3.20,5.70,0.0230,99.22,0.45,0.07,0.01,0.00,0.23,0.00,0.02
SNI,21,3,13.50,10.70,3.20,5.70,0.0230,99.26,0.50,0.04,0.02,0.01,0.13,0.01,0.04
SNI,22,1,15.40,11.10,3.20,5.90,0.0263,99.04,0.69,0.07,0.01,0.00,0.16,0.00,0.02
SNI,22,2,15.40,11.10,3.20,5.90,0.0263,98.97,0.81,0.03,0.01,0.01,0.13,0.01,0.02
SNI,22,3,15.40,11.10,3.20,5.90,0.0263,99.03,0.69,0.04,0.02,0.01,0.16,0.01,0.04
SNI,23,1,14.00,10.60,3.50,5.80,0.0251,99.35,0.37,0.07,0.03,0.00,0.14,0.01,0.03
SNI,23,2,14.00,10.60,3.50,5.80,0.0251,99.25,0.44,0.07,0.03,0.00,0.18,0.01,0.02
SNI,23,3,14.00,10.60,3.50,5.80,0.0251,99.31,0.46,0.00,0.04,0.01,0.10,0.02,0.06
SNI,24,1,15.70,11.20,3.40,6.10,0.0297,99.25,0.45,0.06,0.01,0.01,0.20,0.00,0.03
SNI,24,2,15.70,11.20,3.40,6.10,0.0297,99.32,0.46,0.01,0.02,0.01,0.14,0.00,0.04
SNI,24,3,15.70,11.20,3.40,6.10,0.0297,99.19,0.51,0.01,0.06,0.01,0.14,0.02,0.05
SNI,25,1,9.60,9.60,3.20,5.20,0.0198,99.31,0.45,0.06,0.01,0.00,0.14,0.01,0.02
SNI,25,2,9.60,9.60,3.20,5.20,0.0198,99.31,0.48,0.02,0.03,0.01,0.12,0.01,0.02
SNI,25,3,9.60,9.60,3.20,5.20,0.0198,99.20,0.48,0.09,0.00,0.02,0.17,0.01,0.03
SNI,26,1,11.00,10.00,3.40,5.90,0.0265,99.44,0.32,0.04,0.02,0.01,0.15,0.00,0.02
SNI,26,2,11.00,10.00,3.40,5.90,0.0265,99.31,0.36,0.14,0.02,0.00,0.17,-0.01,0.01
SNI,26,3,11.00,10.00,3.40,5.90,0.0265,99.28,0.42,0.06,0.02,0.01,0.17,0.00,0.04
SNI,27,1,12.90,10.30,3.20,5.60,0.0228,99.45,0.31,0.07,0.02,0.00,0.13,0.00,0.01
SNI,27,2,12.90,10.30,3.20,5.60,0.0228,99.39,0.34,0.04,0.02,0.00,0.17,0.00,0.03
SNI,27,3,12.90,10.30,3.20,5.60,0.0228,99.32,0.32,0.07,0.03,0.03,0.20,0.00,0.03
SNI,28,1,11.80,10.10,3.20,5.70,0.0233,99.25,0.45,0.10,0.02,0.00,0.18,0.00,0.01
SNI,28,2,11.80,10.10,3.20,5.70,0.0233,99.32,0.47,0.03,0.01,0.00,0.12,0.01,0.04
SNI,28,3,11.80,10.10,3.20,5.70,0.0233,99.31,0.48,-0.02,0.02,0.01,0.13,0.02,0.05
SNI,29,1,11.50,10.30,3.40,5.70,0.0266,99.36,0.41,0.07,0.01,0.00,0.13,0.00,0.02
SNI,29,2,11.50,10.30,3.40,5.70,0.0266,99.26,0.46,0.08,0.03,0.00,0.17,-0.02,0.02
SNI,29,3,11.50,10.30,3.40,5.70,0.0266,99.08,0.55,0.12,0.01,0.01,0.22,0.00,0.01
SNI,30,1,7.80,8.90,2.90,4.90,0.0173,99.10,0.66,0.02,0.02,0.00,0.17,0.00,0.02
SNI,30,2,7.80,8.90,2.90,4.90,0.0173,99.03,0.74,0.02,0.02,0.00,0.14,0.01,0.03
SNI,30,3,7.80,8.90,2.90,4.90,0.0173,98.94,0.76,0.06,0.02,0.01,0.16,0.01,0.04
PNA,1,1,80.00,18.10,5.00,9.00,0.1206,99.20,0.47,0.09,0.01,0.00,0.20,0.00,0.02
PNA,1,2,80.00,18.10,5.00,9.00,0.1206,99.22,0.49,0.10,0.00,0.00,0.18,0.00,0.01
PNA,1,3,80.00,18.10,5.00,9.00,0.1206,99.07,0.54,0.17,0.00,0.00,0.20,0.00,0.01
PNA,2,1,69.20,17.70,4.70,9.20,0.1014,99.26,0.45,0.10,0.02,0.00,0.14,0.00,0.01
PNA,2,2,69.20,17.70,4.70,9.20,0.1014,99.22,0.48,0.07,0.01,0.00,0.19,0.00,0.02
PNA,2,3,69.20,17.70,4.70,9.20,0.1014,99.08,0.52,0.18,0.00,0.01,0.21,-0.01,0.01
PNA,3,1,54.20,15.80,4.60,8.70,0.0881,99.25,0.45,0.09,0.02,0.00,0.19,0.00,0.01
PNA,3,2,54.20,15.80,4.60,8.70,0.0881,99.20,0.51,0.05,0.02,0.00,0.20,0.00,0.02
PNA,3,3,54.20,15.80,4.60,8.70,0.0881,99.12,0.49,0.14,0.02,0.01,0.21,0.00,0.01
PNA,4,1,89.30,18.70,5.40,10.00,0.1387,99.21,0.46,0.11,0.01,0.00,0.18,0.00,0.02
PNA,4,2,89.30,18.70,5.40,10.00,0.1387,99.20,0.50,0.08,0.01,0.00,0.19,0.00,0.02
PNA,4,3,89.30,18.70,5.40,10.00,0.1387,99.06,0.53,0.16,0.01,0.01,0.22,-0.01,0.02
PNA,5,1,66.80,18.20,4.70,8.50,0.0968,99.22,0.50,0.09,0.01,0.00,0.16,0.00,0.02
PNA,5,2,66.80,18.20,4.70,8.50,0.0968,99.21,0.51,0.05,0.01,0.00,0.18,0.01,0.03
PNA,5,3,66.80,18.20,4.70,8.50,0.0968,99.08,0.57,0.12,0.01,0.00,0.20,0.00,0.02
PNA,6,1,61.40,16.60,4.90,8.90,0.0940,99.12,0.54,0.09,0.00,0.00,0.23,0.00,0.01
PNA,6,2,61.40,16.60,4.90,8.90,0.0940,99.06,0.59,0.07,0.01,0.01,0.24,0.00,0.02
PNA,6,3,61.40,16.60,4.90,8.90,0.0940,98.98,0.63,0.16,0.01,0.00,0.21,-0.01,0.02
PNA,7,1,60.80,16.90,5.00,8.60,0.1122,99.21,0.42,0.13,0.01,0.01,0.22,0.00,0.01
PNA,7,2,60.80,16.90,5.00,8.60,0.1122,99.13,0.47,0.18,0.00,0.00,0.23,-0.01,0.00
PNA,7,3,60.80,16.90,5.00,8.60,0.1122,98.56,0.58,0.52,0.03,0.00,0.32,-0.02,0.01
PNA,8,1,82.50,18.60,5.00,9.50,0.1367,99.10,0.40,0.20,0.03,0.00,0.23,0.00,0.03
PNA,8,2,82.50,18.60,5.00,9.50,0.1367,99.15,0.47,0.14,0.01,0.00,0.22,0.00,0.01
PNA,8,3,82.50,18.60,5.00,9.50,0.1367,99.02,0.47,0.23,0.00,0.02,0.25,-0.01,0.01
PNA,9,1,108.80,20.70,5.10,10.50,0.1570,99.18,0.47,0.11,0.01,0.00,0.20,0.00,0.02
PNA,9,2,108.80,20.70,5.10,10.50,0.1570,99.05,0.53,0.14,0.01,0.00,0.26,0.00,0.01
PNA,9,3,108.80,20.70,5.10,10.50,0.1570,98.96,0.57,0.15,0.02,0.01,0.29,0.00,0.01
PNA,10,1,51.20,15.80,4.50,8.50,0.0925,99.14,0.49,0.16,0.01,0.00,0.17,0.00,0.02
PNA,10,2,51.20,15.80,4.50,8.50,0.0925,99.10,0.52,0.17,0.02,0.00,0.18,-0.01,0.02
PNA,10,3,51.20,15.80,4.50,8.50,0.0925,98.83,0.62,0.25,0.01,0.03,0.27,-0.02,0.00
PNA,11,1,85.60,19.20,5.30,10.10,0.1442,99.22,0.41,0.14,0.01,0.00,0.21,0.00,0.01
PNA,11,2,85.60,19.20,5.30,10.10,0.1442,99.32,0.45,0.05,0.00,0.01,0.15,0.01,0.02
PNA,11,3,85.60,19.20,5.30,10.10,0.1442,99.13,0.47,0.14,0.01,0.01,0.22,-0.01,0.02
PNA,12,1,69.40,17.60,4.70,9.30,0.0963,99.13,0.54,0.14,0.01,0.00,0.19,-0.01,0.00
PNA,12,2,69.40,17.60,4.70,9.30,0.0963,99.29,0.40,0.10,0.02,0.00,0.16,0.00,0.02
PNA,12,3,69.40,17.60,4.70,9.30,0.0963,99.13,0.41,0.21,0.00,0.01,0.22,-0.01,0.02
PNA,13,1,101.30,20.20,5.30,11.30,0.1602,99.15,0.46,0.18,0.01,0.01,0.18,0.00,0.02
PNA,13,2,101.30,20.20,5.30,11.30,0.1602,98.98,0.50,0.26,0.00,0.01,0.24,0.00,0.02
PNA,13,3,101.30,20.20,5.30,11.30,0.1602,98.88,0.50,0.31,0.01,0.00,0.29,-0.01,0.01
PNA,14,1,59.80,17.20,4.50,8.40,0.0906,99.11,0.51,0.12,0.01,0.00,0.22,0.00,0.02
PNA,14,2,59.80,17.20,4.50,8.40,0.0906,99.18,0.49,0.08,0.02,0.00,0.20,0.00,0.03
PNA,14,3,59.80,17.20,4.50,8.40,0.0906,98.99,0.56,0.19,0.02,0.00,0.21,0.00,0.02
PNA,15,1,49.20,16.10,4.50,7.40,0.0769,99.05,0.44,0.22,0.02,0.00,0.24,0.00,0.03
PNA,15,2,49.20,16.10,4.50,7.40,0.0769,99.23,0.46,0.10,0.01,0.00,0.17,0.00,0.03
PNA,15,3,49.20,16.10,4.50,7.40,0.0769,98.95,0.59,0.24,0.03,0.00,0.17,-0.03,0.05
PNA,16,1,54.70,16.10,4.60,8.70,0.0927,99.16,0.54,0.11,0.01,0.00,0.19,0.00,0.00
PNA,16,2,54.70,16.10,4.60,8.70,0.0927,98.99,0.56,0.18,0.02,0.00,0.22,0.00,0.02
PNA,16,3,54.70,16.10,4.60,8.70,0.0927,98.64,0.68,0.41,-0.01,0.00,0.30,-0.02,-0.01
PNA,17,1,53.10,16.60,4.80,8.00,0.0961,99.25,0.44,0.10,0.01,0.00,0.19,0.00,0.01
PNA,17,2,53.10,16.60,4.80,8.00,0.0961,99.26,0.43,0.09,0.00,0.00,0.19,0.01,0.02
PNA,17,3,53.10,16.60,4.80,8.00,0.0961,98.93,0.54,0.31,-0.01,0.04,0.23,-0.02,-0.01
PNA,18,1,58.20,16.60,5.00,9.00,0.1108,99.20,0.50,0.08,0.01,0.00,0.18,0.00,0.02
PNA,18,2,58.20,16.60,5.00,9.00,0.1108,99.11,0.53,0.10,0.01,0.00,0.22,0.00,0.02
PNA,18,3,58.20,16.60,5.00,9.00,0.1108,98.94,0.55,0.28,0.00,0.02,0.23,-0.02,0.00
PNA,19,1,102.40,20.10,5.20,9.80,0.1476,99.21,0.46,0.14,0.00,0.00,0.18,0.00,0.01
PNA,19,2,102.40,20.10,5.20,9.80,0.1476,99.20,0.47,0.11,0.00,0.00,0.19,0.00,0.02
PNA,19,3,102.40,20.10,5.20,9.80,0.1476,99.09,0.46,0.23,0.01,0.01,0.20,-0.01,0.01
PNA,20,1,60.70,17.10,4.90,9.10,0.1068,99.20,0.45,0.12,0.01,0.00,0.20,0.00,0.02
PNA,20,2,60.70,17.10,4.90,9.10,0.1068,99.26,0.47,0.07,0.01,0.00,0.15,0.00,0.02
PNA,20,3,60.70,17.10,4.90,9.10,0.1068,99.01,0.46,0.27,0.00,0.00,0.25,-0.01,0.02
PNA,21,1,64.20,17.20,4.80,8.90,0.1038,99.20,0.42,0.11,0.02,0.00,0.21,0.00,0.03
PNA,21,2,64.20,17.20,4.80,8.90,0.1038,99.26,0.49,0.05,0.01,0.01,0.17,0.00,0.01
PNA,21,3,64.20,17.20,4.80,8.90,0.1038,99.04,0.54,0.14,0.01,0.00,0.26,-0.01,0.02
PNA,22,1,73.20,17.60,4.90,9.20,0.1173,99.19,0.49,0.11,0.01,0.00,0.18,-0.01,0.01
PNA,22,2,73.20,17.60,4.90,9.20,0.1173,99.23,0.49,0.08,0.01,0.00,0.18,-0.01,0.02
PNA,22,3,73.20,17.60,4.90,9.20,0.1173,99.01,0.48,0.26,0.02,0.00,0.22,0.00,0.01
PNA,23,1,55.30,16.40,4.90,8.60,0.1032,99.25,0.41,0.10,0.00,0.00,0.21,0.00,0.02
PNA,23,2,55.30,16.40,4.90,8.60,0.1032,99.35,0.41,0.06,0.02,0.01,0.14,0.00,0.01
PNA,23,3,55.30,16.40,4.90,8.60,0.1032,99.14,0.47,0.16,0.00,0.01,0.23,0.00,0.00
PNA,24,1,84.20,18.20,4.90,8.70,0.1097,99.15,0.52,0.10,0.01,0.00,0.20,0.00,0.02
PNA,24,2,84.20,18.20,4.90,8.70,0.1097,99.13,0.53,0.10,0.01,0.00,0.21,0.00,0.01
PNA,24,3,84.20,18.20,4.90,8.70,0.1097,99.05,0.52,0.16,0.01,0.02,0.23,-0.01,0.01
PNA,25,1,96.10,19.60,5.10,9.50,0.1410,99.15,0.47,0.13,0.03,0.00,0.19,0.00,0.02
PNA,25,2,96.10,19.60,5.10,9.50,0.1410,99.11,0.49,0.14,0.01,0.00,0.22,0.00,0.02
PNA,25,3,96.10,19.60,5.10,9.50,0.1410,98.92,0.55,0.21,0.02,0.00,0.29,-0.01,0.01
PNA,26,1,85.20,19.30,5.40,10.00,0.1480,99.22,0.47,0.09,0.00,0.00,0.20,0.00,0.01
PNA,26,2,85.20,19.30,5.40,10.00,0.1480,99.14,0.50,0.12,0.02,0.00,0.20,0.00,0.02
PNA,26,3,85.20,19.30,5.40,10.00,0.1480,98.91,0.58,0.28,0.03,0.00,0.20,-0.01,0.01
PNA,27,1,84.90,18.50,5.30,9.70,0.1277,99.08,0.51,0.15,0.01,0.00,0.22,0.00,0.02
PNA,27,2,84.90,18.50,5.30,9.70,0.1277,99.17,0.54,0.11,0.01,0.00,0.16,0.00,0.02
PNA,27,3,84.90,18.50,5.30,9.70,0.1277,99.01,0.51,0.17,0.01,0.03,0.26,-0.01,0.02
PNA,28,1,73.60,17.60,4.80,9.10,0.1021,99.27,0.42,0.11,0.01,0.00,0.17,0.00,0.01
PNA,28,2,73.60,17.60,4.80,9.10,0.1021,99.25,0.45,0.07,0.02,0.00,0.19,0.00,0.02
PNA,28,3,73.60,17.60,4.80,9.10,0.1021,99.14,0.46,0.21,0.02,0.00,0.17,-0.01,0.01
PNA,29,1,54.40,16.20,4.70,8.90,0.0938,99.21,0.46,0.13,0.01,0.00,0.15,0.01,0.01
PNA,29,2,54.40,16.20,4.70,8.90,0.0938,99.24,0.47,0.08,0.01,0.00,0.16,0.00,0.03
PNA,29,3,54.40,16.20,4.70,8.90,0.0938,99.15,0.47,0.15,-0.01,0.04,0.19,-0.01,0.02
PNA,30,1,53.60,15.80,4.50,7.70,0.0735,99.25,0.42,0.12,0.01,0.00,0.18,0.00,0.01
PNA,30,2,53.60,15.80,4.50,7.70,0.0735,99.25,0.45,0.07,0.01,0.00,0.19,0.01,0.02
PNA,30,3,53.60,15.80,4.50,7.70,0.0735,98.99,0.44,0.27,0.01,0.00,0.26,-0.01,0.03