"","Place","Fish","Rep","Fish.wt","Fish.lt","Oto.wd","Oto.lt","Oto.wt","Ca","Sr","Ba","Mn","Zn","K","Pb","Cu"
"1","CTI",12,1,19.03,12.1,3.8,6.4,0.038,0.190454429612548,0.250488000734405,-0.351771162215369,-0.589953072385848,-0.57329844539567,-0.425044182651593,-0.0559807529117377,-0.156571378816593
"2","CTI",12,2,19.03,12.1,3.8,6.4,0.038,-0.158647376194654,0.507545242081002,-0.0303558870947272,-1.58799398431679,-0.57329844539567,-0.142100569939733,-0.0559807529117377,-0.875521587668297
"3","CTI",12,3,19.03,12.1,3.8,6.4,0.038,0.27772988106441,0.507545242081002,-1.15530935001697,0.408087839545098,0.578417181515274,-0.990931408075312,1.14360680948264,1.28132903888681
"4","CTI",13,1,20.47,12.4,3.8,6.6,0.041,1.0632089441308,-1.03479820599858,-0.51247879977569,0.408087839545098,-0.57329844539567,-0.425044182651593,-0.0559807529117377,-0.156571378816593
"5","CTI",13,2,20.47,12.4,3.8,6.6,0.041,-0.944126439261042,-0.263626481958787,2.38025867631009,-0.589953072385848,-0.57329844539567,0.706730268195845,-2.4551558777005,-0.875521587668297
"6","CTI",13,3,20.47,12.4,3.8,6.6,0.041,0.452280783968011,-0.135097861285489,-0.51247879977569,-1.58799398431679,0.578417181515274,0.140843042772126,-0.0559807529117377,-0.156571378816593
"7","CTI",14,1,25.77,13.3,4.1,6.8,0.0467,0.975933492678936,-1.03479820599858,0.130351750465594,-0.589953072385848,-0.57329844539567,0.140843042772126,-1.25556831530612,-2.3134220053717
"8","CTI",14,2,25.77,13.3,4.1,6.8,0.0467,0.888658041227074,-0.649212343978681,-0.351771162215369,-0.589953072385848,-0.57329844539567,-0.142100569939733,-0.0559807529117377,-0.875521587668297
"9","CTI",14,3,25.77,13.3,4.1,6.8,0.0467,0.103178978160809,-0.906269585325277,-0.0303558870947272,2.40416966340699,2.88184843533716,-0.142100569939733,1.14360680948264,1.28132903888681
"10","CTI",15,1,19.63,12,3.8,6.4,0.0422,0.626831686871735,-1.16332682667187,-0.191063524655048,0.408087839545098,-0.57329844539567,0.989673880907704,-0.0559807529117377,0.56237883003511
"11","CTI",15,2,19.63,12,3.8,6.4,0.0422,0.975933492678936,-1.16332682667187,-0.191063524655048,0.408087839545098,0.578417181515274,-0.990931408075312,-0.0559807529117377,2.00027924773852
"12","CTI",15,3,19.63,12,3.8,6.4,0.0422,1.0632089441308,-1.16332682667187,-1.15530935001697,3.40221057533793,0.578417181515274,-0.707987795363453,1.14360680948264,2.00027924773852
"13","CTI",16,1,26.01,13.2,4,7.2,0.0484,0.103178978160809,-0.392155102632085,0.933889938267198,-0.589953072385848,-0.57329844539567,-0.990931408075312,-0.0559807529117377,-0.156571378816593
"14","CTI",16,2,26.01,13.2,4,7.2,0.0484,-1.72960550232743,0.6360738627543,2.21955103874976,-1.58799398431679,-0.57329844539567,1.83850471904328,-2.4551558777005,-0.875521587668297
"15","CTI",16,3,26.01,13.2,4,7.2,0.0484,-0.0713719247429153,0.507545242081002,-0.994601712456652,0.408087839545098,0.578417181515274,-0.142100569939733,1.14360680948264,2.00027924773852
"16","CTI",17,1,23.4,12.9,3.8,6.8,0.045,1.67413710429346,-1.29185544734517,-0.351771162215369,-0.589953072385848,-0.57329844539567,-1.83976224621089,-0.0559807529117377,-0.156571378816593
"17","CTI",17,2,23.4,12.9,3.8,6.8,0.045,0.714107138323473,-0.906269585325277,0.291059388025914,0.408087839545098,-0.57329844539567,-0.425044182651593,-0.0559807529117377,-0.156571378816593
"18","CTI",17,3,23.4,12.9,3.8,6.8,0.045,0.190454429612548,-0.777740964651979,0.451767025586235,-0.589953072385848,0.578417181515274,0.423786655483985,-0.0559807529117377,-0.156571378816593
"19","CTI",18,1,25.67,13.2,4,7.1,0.0523,0.626831686871735,-1.03479820599858,0.451767025586235,-0.589953072385848,-0.57329844539567,-0.142100569939733,-0.0559807529117377,-1.59447179652
"20","CTI",18,2,25.67,13.2,4,7.1,0.0523,1.32503529848626,-0.906269585325277,-0.0303558870947272,0.408087839545098,-0.57329844539567,-1.27387502078717,-1.25556831530612,-0.875521587668297
"21","CTI",18,3,25.67,13.2,4,7.1,0.0523,0.190454429612548,-1.03479820599858,0.451767025586235,-0.589953072385848,2.88184843533716,0.423786655483985,-1.25556831530612,-0.156571378816593
"22","CTI",19,1,24.02,13,4,6.9,0.0438,0.190454429612548,0.250488000734405,0.451767025586235,-0.589953072385848,-0.57329844539567,-0.990931408075312,-0.0559807529117377,-1.59447179652
"23","CTI",19,2,24.02,13,4,6.9,0.0438,-0.420473730550116,1.15018834544749,0.451767025586235,-0.589953072385848,-0.57329844539567,-0.990931408075312,-1.25556831530612,-0.875521587668297
"24","CTI",19,3,24.02,13,4,6.9,0.0438,0.190454429612548,0.379016621407704,-1.47672462513761,1.40612875147604,0.578417181515274,-0.425044182651593,2.34319437187702,2.00027924773852
"25","CTI",20,1,21.22,12.3,3.8,6.5,0.0358,0.365005332516272,0.121959380061107,-0.351771162215369,-0.589953072385848,-0.57329844539567,-0.990931408075312,-0.0559807529117377,0.56237883003511
"26","CTI",20,2,21.22,12.3,3.8,6.5,0.0358,0.015903526708947,0.121959380061107,-0.191063524655048,-0.589953072385848,-0.57329844539567,-0.142100569939733,-0.0559807529117377,0.56237883003511
"27","CTI",20,3,21.22,12.3,3.8,6.5,0.0358,-0.0713719247429153,0.764602483427598,-0.833894074896331,-0.589953072385848,0.578417181515274,-0.142100569939733,1.14360680948264,-0.156571378816593
"28","CTI",21,1,22.13,12.7,3.8,6.8,0.0449,0.539556235419873,-0.392155102632085,-0.191063524655048,-0.589953072385848,0.578417181515274,-0.707987795363453,-0.0559807529117377,-0.156571378816593
"29","CTI",21,2,22.13,12.7,3.8,6.8,0.0449,0.975933492678936,-0.649212343978681,-0.0303558870947272,-0.589953072385848,-0.57329844539567,-0.990931408075312,-1.25556831530612,-0.875521587668297
"30","CTI",21,3,22.13,12.7,3.8,6.8,0.0449,0.27772988106441,-0.135097861285489,-0.833894074896331,-0.589953072385848,0.578417181515274,0.423786655483985,1.14360680948264,1.28132903888681
"31","CTI",22,1,25.16,13.3,4,7,0.0477,1.0632089441308,-1.03479820599858,0.291059388025914,-0.589953072385848,-0.57329844539567,-1.55681863349903,-0.0559807529117377,-0.156571378816593
"32","CTI",22,2,25.16,13.3,4,7,0.0477,-2.34053366249009,1.40724558679409,2.70167395143073,-0.589953072385848,-0.57329844539567,2.12144833175514,-2.4551558777005,-0.156571378816593
"33","CTI",22,3,25.16,13.3,4,7,0.0477,-0.333198279098254,0.893131104100896,-1.79813990025826,1.40612875147604,0.578417181515274,-0.142100569939733,2.34319437187702,2.71922945659022
"34","CTI",23,1,25.06,12.8,3.7,7,0.0408,-0.158647376194654,-0.649212343978681,1.09459757582752,-0.589953072385848,-0.57329844539567,0.706730268195845,-0.0559807529117377,-0.875521587668297
"35","CTI",23,2,25.06,12.8,3.7,7,0.0408,0.626831686871735,-0.392155102632085,-0.51247879977569,1.40612875147604,-0.57329844539567,-0.425044182651593,-0.0559807529117377,0.56237883003511
"36","CTI",23,3,25.06,12.8,3.7,7,0.0408,0.714107138323473,-0.649212343978681,-1.95884753781858,1.40612875147604,0.578417181515274,-0.142100569939733,3.5427819342714,3.43817966544192
"37","CTI",24,1,26.84,13.4,4,7.3,0.0533,-0.944126439261042,2.04988869016058,-0.191063524655048,-0.589953072385848,-0.57329844539567,-0.142100569939733,-0.0559807529117377,-1.59447179652
"38","CTI",24,2,26.84,13.4,4,7.3,0.0533,-1.55505459942371,2.17841731083388,0.291059388025914,-0.589953072385848,-0.57329844539567,-0.142100569939733,-0.0559807529117377,0.56237883003511
"39","CTI",24,3,26.84,13.4,4,7.3,0.0533,-2.77691091974916,2.56400317285377,1.25530521338784,-1.58799398431679,2.88184843533716,1.55556110633142,-1.25556831530612,-2.3134220053717
"40","CTI",25,1,22.64,12.8,4,6.8,0.0389,1.2377598470344,-0.906269585325277,-0.833894074896331,0.408087839545098,-0.57329844539567,-0.142100569939733,-0.0559807529117377,-0.156571378816593
"41","CTI",25,2,22.64,12.8,4,6.8,0.0389,0.801382589775336,-0.906269585325277,-0.0303558870947272,0.408087839545098,-0.57329844539567,-0.142100569939733,-0.0559807529117377,-0.875521587668297
"42","CTI",25,3,22.64,12.8,4,6.8,0.0389,0.103178978160809,-0.520683723305383,-0.51247879977569,1.40612875147604,0.578417181515274,0.706730268195845,1.14360680948264,0.56237883003511
"43","CTI",26,1,26.13,13.4,4.1,7.3,0.05,1.0632089441308,-1.03479820599858,0.130351750465594,-0.589953072385848,0.578417181515274,-0.990931408075312,-0.0559807529117377,-0.875521587668297
"44","CTI",26,2,26.13,13.4,4.1,7.3,0.05,0.626831686871735,-0.392155102632085,0.130351750465594,-0.589953072385848,-0.57329844539567,-1.27387502078717,-0.0559807529117377,0.56237883003511
"45","CTI",26,3,26.13,13.4,4.1,7.3,0.05,-0.595024633453717,0.507545242081002,0.612474663146556,0.408087839545098,0.578417181515274,-0.425044182651593,-1.25556831530612,-0.875521587668297
"46","CTI",27,1,28.6,13.5,4.1,7.1,0.0489,0.714107138323473,-0.520683723305383,-0.0303558870947272,0.408087839545098,-0.57329844539567,-0.707987795363453,-0.0559807529117377,-0.875521587668297
"47","CTI",27,2,28.6,13.5,4.1,7.1,0.0489,0.975933492678936,-0.00656924061219031,-1.15530935001697,0.408087839545098,-0.57329844539567,-1.27387502078717,1.14360680948264,-0.875521587668297
"48","CTI",27,3,28.6,13.5,4.1,7.1,0.0489,-0.682300084905579,-0.906269585325277,0.130351750465594,0.408087839545098,4.03356406224811,2.97027916989072,-0.0559807529117377,0.56237883003511
"49","CTI",28,1,21.26,12.5,4.1,6.9,0.0419,1.67413710429346,-0.906269585325277,-0.51247879977569,-0.589953072385848,-0.57329844539567,-1.55681863349903,-0.0559807529117377,-1.59447179652
"50","CTI",28,2,21.26,12.5,4.1,6.9,0.0419,1.2377598470344,-1.16332682667187,-0.833894074896331,0.408087839545098,-0.57329844539567,-1.27387502078717,1.14360680948264,1.28132903888681
"51","CTI",28,3,21.26,12.5,4.1,6.9,0.0419,0.103178978160809,-0.906269585325277,-0.51247879977569,2.40416966340699,-0.57329844539567,1.55556110633142,-0.0559807529117377,1.28132903888681
"52","CTI",29,1,22.63,12.7,3.8,6.5,0.0382,0.888658041227074,-0.777740964651979,0.291059388025914,-0.589953072385848,-0.57329844539567,-1.27387502078717,1.14360680948264,-0.875521587668297
"53","CTI",29,2,22.63,12.7,3.8,6.5,0.0382,0.103178978160809,-0.520683723305383,0.612474663146556,1.40612875147604,-0.57329844539567,-1.27387502078717,-0.0559807529117377,1.28132903888681
"54","CTI",29,3,22.63,12.7,3.8,6.5,0.0382,0.539556235419873,-0.263626481958787,-0.673186437336011,0.408087839545098,0.578417181515274,-0.707987795363453,1.14360680948264,0.56237883003511
"55","CTI",30,1,24.97,13.3,4.1,7,0.0471,0.365005332516272,-0.777740964651979,0.612474663146556,0.408087839545098,-0.57329844539567,-0.142100569939733,-0.0559807529117377,-0.156571378816593
"56","CTI",30,2,24.97,13.3,4.1,7,0.0471,0.015903526708947,-0.135097861285489,0.451767025586235,0.408087839545098,-0.57329844539567,0.423786655483985,-0.0559807529117377,-1.59447179652
"57","CTI",30,3,24.97,13.3,4.1,7,0.0471,-0.158647376194654,0.121959380061107,-0.351771162215369,0.408087839545098,0.578417181515274,0.706730268195845,-0.0559807529117377,0.56237883003511
"58","CTI",31,1,21.16,12,3.8,6.2,0.0363,0.714107138323473,-0.520683723305383,0.291059388025914,0.408087839545098,-0.57329844539567,-1.27387502078717,-0.0559807529117377,-0.875521587668297
"59","CTI",31,2,21.16,12,3.8,6.2,0.0363,0.539556235419873,0.121959380061107,-0.0303558870947272,-0.589953072385848,-0.57329844539567,-1.55681863349903,-1.25556831530612,-0.156571378816593
"60","CTI",31,3,21.16,12,3.8,6.2,0.0363,-0.158647376194654,-0.135097861285489,0.291059388025914,0.408087839545098,1.73013280842622,0.423786655483985,-0.0559807529117377,-0.156571378816593
"61","CTI",32,1,27.86,13.6,3.9,7.1,0.0483,0.015903526708947,-0.906269585325277,1.41601285094816,-0.589953072385848,-0.57329844539567,-0.425044182651593,-0.0559807529117377,1.28132903888681
"62","CTI",32,2,27.86,13.6,3.9,7.1,0.0483,0.27772988106441,-0.777740964651979,0.451767025586235,0.408087839545098,-0.57329844539567,0.140843042772126,-0.0559807529117377,-0.156571378816593
"63","CTI",32,3,27.86,13.6,3.9,7.1,0.0483,-0.420473730550116,-0.263626481958787,0.773182300706877,0.408087839545098,-0.57329844539567,0.989673880907704,-0.0559807529117377,-0.875521587668297
"64","CTI",33,1,27.79,13.9,4.1,7.3,0.0533,0.888658041227074,-0.777740964651979,0.291059388025914,-1.58799398431679,-0.57329844539567,-0.425044182651593,-1.25556831530612,-0.875521587668297
"65","CTI",33,2,27.79,13.9,4.1,7.3,0.0533,0.975933492678936,-0.392155102632085,0.130351750465594,-1.58799398431679,-0.57329844539567,-1.83976224621089,-0.0559807529117377,-0.875521587668297
"66","CTI",33,3,27.79,13.9,4.1,7.3,0.0533,0.626831686871735,0.121959380061107,-1.63743226269794,0.408087839545098,0.578417181515274,-0.425044182651593,1.14360680948264,0.56237883003511
"67","CTI",34,1,28.98,13.6,4,7.4,0.0515,0.452280783968011,-0.906269585325277,0.451767025586235,-0.589953072385848,-0.57329844539567,-0.425044182651593,-0.0559807529117377,-0.156571378816593
"68","CTI",34,2,28.98,13.6,4,7.4,0.0515,0.888658041227074,-0.777740964651979,-0.51247879977569,-0.589953072385848,0.578417181515274,-0.425044182651593,1.14360680948264,0.56237883003511
"69","CTI",34,3,28.98,13.6,4,7.4,0.0515,-0.507749182001979,-0.906269585325277,0.773182300706877,1.40612875147604,-0.57329844539567,1.27261749361956,-0.0559807529117377,1.28132903888681
"70","CTI",35,1,25.35,13.1,4,6.8,0.0445,0.539556235419873,-0.649212343978681,0.451767025586235,-0.589953072385848,0.578417181515274,-1.27387502078717,-0.0559807529117377,-0.156571378816593
"71","CTI",35,2,25.35,13.1,4,6.8,0.0445,1.49958620138986,-0.649212343978681,-0.833894074896331,-0.589953072385848,-0.57329844539567,-1.55681863349903,-0.0559807529117377,-0.156571378816593
"72","CTI",35,3,25.35,13.1,4,6.8,0.0445,0.452280783968011,-0.649212343978681,-0.351771162215369,0.408087839545098,0.578417181515274,0.140843042772126,-0.0559807529117377,0.56237883003511
"73","CTI",36,1,25.97,13.2,4,7,0.0414,1.15048439558254,-2.06302717138496,0.933889938267198,-0.589953072385848,-0.57329844539567,-0.707987795363453,-0.0559807529117377,0.56237883003511
"74","CTI",36,2,25.97,13.2,4,7,0.0414,2.45961616735985,-2.44861303340485,-0.994601712456652,-0.589953072385848,-0.57329844539567,-1.27387502078717,1.14360680948264,1.28132903888681
"75","CTI",36,3,25.97,13.2,4,7,0.0414,1.58686165284172,-2.32008441273156,0.773182300706877,-1.58799398431679,0.578417181515274,-0.990931408075312,-1.25556831530612,-0.875521587668297
"76","CTI",37,1,22.27,12.3,4.1,6.6,0.0445,1.2377598470344,-1.54891268869177,0.612474663146556,-0.589953072385848,-0.57329844539567,-0.707987795363453,-1.25556831530612,-1.59447179652
"77","CTI",37,2,22.27,12.3,4.1,6.6,0.0445,0.888658041227074,-1.16332682667187,0.130351750465594,0.408087839545098,-0.57329844539567,-0.142100569939733,-0.0559807529117377,-0.875521587668297
"78","CTI",37,3,22.27,12.3,4.1,6.6,0.0445,1.412310749938,-1.16332682667187,-0.51247879977569,-0.589953072385848,0.578417181515274,-0.990931408075312,1.14360680948264,-0.156571378816593
"79","CTI",38,1,24.01,12.9,4.1,6.9,0.0429,-0.420473730550116,-0.906269585325277,2.21955103874976,1.40612875147604,-0.57329844539567,-1.27387502078717,-0.0559807529117377,2.00027924773852
"80","CTI",38,2,24.01,12.9,4.1,6.9,0.0429,0.365005332516272,-0.263626481958787,-0.0303558870947272,0.408087839545098,-0.57329844539567,-0.990931408075312,-0.0559807529117377,1.28132903888681
"81","CTI",38,3,24.01,12.9,4.1,6.9,0.0429,-0.85685098780918,0.379016621407704,0.612474663146556,-0.589953072385848,-0.57329844539567,1.55556110633142,-1.25556831530612,-0.156571378816593
"82","CTI",39,1,24.42,13,3.8,6.9,0.0435,0.365005332516272,-0.520683723305383,0.451767025586235,0.408087839545098,-0.57329844539567,-0.707987795363453,-0.0559807529117377,-0.875521587668297
"83","CTI",39,2,24.42,13,3.8,6.9,0.0435,0.714107138323473,-0.135097861285489,-0.191063524655048,-0.589953072385848,-0.57329844539567,-0.707987795363453,-0.0559807529117377,-0.875521587668297
"84","CTI",39,3,24.42,13,3.8,6.9,0.0435,0.015903526708947,0.250488000734405,-0.51247879977569,-0.589953072385848,0.578417181515274,0.140843042772126,-0.0559807529117377,0.56237883003511
"85","CTI",40,1,25.89,13.3,3.9,7,0.0475,-0.420473730550116,0.379016621407704,1.09459757582752,-0.589953072385848,-0.57329844539567,0.423786655483985,-1.25556831530612,-2.3134220053717
"86","CTI",40,2,25.89,13.3,3.9,7,0.0475,0.801382589775336,-0.263626481958787,-0.673186437336011,-0.589953072385848,-0.57329844539567,-0.425044182651593,-0.0559807529117377,-0.156571378816593
"87","CTI",40,3,25.89,13.3,3.9,7,0.0475,-0.245922827646516,0.250488000734405,0.291059388025914,-0.589953072385848,-0.57329844539567,0.140843042772126,-0.0559807529117377,-0.156571378816593
"88","CTI",41,1,22.23,12.7,4,7,0.0431,0.103178978160809,-0.263626481958787,0.612474663146556,-1.58799398431679,-0.57329844539567,-0.142100569939733,-1.25556831530612,0.56237883003511
"89","CTI",41,2,22.23,12.7,4,7,0.0431,0.975933492678936,-0.520683723305383,-0.833894074896331,-0.589953072385848,-0.57329844539567,-0.425044182651593,-0.0559807529117377,-0.156571378816593
"90","CTI",41,3,22.23,12.7,4,7,0.0431,0.539556235419873,-0.00656924061219031,-0.51247879977569,0.408087839545098,-0.57329844539567,-1.27387502078717,1.14360680948264,0.56237883003511
"91","PKN",1,1,34.6,13.9,4.3,7.6,0.0577,0.190454429612548,0.379016621407704,0.612474663146556,-0.589953072385848,-0.57329844539567,-1.27387502078717,-1.25556831530612,-1.59447179652
"92","PKN",1,2,34.6,13.9,4.3,7.6,0.0577,-0.420473730550116,0.250488000734405,0.612474663146556,0.408087839545098,-0.57329844539567,0.423786655483985,-2.4551558777005,-0.875521587668297
"93","PKN",1,3,34.6,13.9,4.3,7.6,0.0577,-1.46777914797197,0.121959380061107,1.7374281260688,-0.589953072385848,1.73013280842622,1.55556110633142,-2.4551558777005,-0.156571378816593
"94","PKN",2,1,35.3,14.2,4.1,7.2,0.0506,-0.245922827646516,-0.135097861285489,0.773182300706877,0.408087839545098,-0.57329844539567,0.140843042772126,-0.0559807529117377,-0.875521587668297
"95","PKN",2,2,35.3,14.2,4.1,7.2,0.0506,0.801382589775336,-0.392155102632085,-0.673186437336011,-0.589953072385848,-0.57329844539567,-0.425044182651593,1.14360680948264,-0.875521587668297
"96","PKN",2,3,35.3,14.2,4.1,7.2,0.0506,-0.0713719247429153,-0.263626481958787,-0.0303558870947272,0.408087839545098,4.03356406224811,0.423786655483985,-1.25556831530612,-0.156571378816593
"97","PKN",3,1,41.7,14.7,4.4,7.1,0.0535,-0.333198279098254,0.379016621407704,0.451767025586235,-0.589953072385848,-0.57329844539567,0.140843042772126,-0.0559807529117377,-1.59447179652
"98","PKN",3,2,41.7,14.7,4.4,7.1,0.0535,0.190454429612548,0.893131104100896,-0.673186437336011,-1.58799398431679,-0.57329844539567,-0.707987795363453,-0.0559807529117377,-0.156571378816593
"99","PKN",3,3,41.7,14.7,4.4,7.1,0.0535,-0.595024633453717,1.02165972477419,-0.673186437336011,0.408087839545098,0.578417181515274,0.140843042772126,-0.0559807529117377,0.56237883003511
"100","PKN",4,1,32.7,13.9,4.2,6.5,0.0487,0.365005332516272,-0.00656924061219031,-0.0303558870947272,-0.589953072385848,-0.57329844539567,-0.425044182651593,-0.0559807529117377,-0.875521587668297
"101","PKN",4,2,32.7,13.9,4.2,6.5,0.0487,0.365005332516272,0.250488000734405,-0.833894074896331,-0.589953072385848,0.578417181515274,0.140843042772126,-0.0559807529117377,-0.156571378816593
"102","PKN",4,3,32.7,13.9,4.2,6.5,0.0487,-0.944126439261042,1.92136006948728,-0.191063524655048,-0.589953072385848,-0.57329844539567,-0.707987795363453,-1.25556831530612,0.56237883003511
"103","PKN",5,1,51,15.4,4.6,7.9,0.0639,0.714107138323473,-0.392155102632085,-0.0303558870947272,-1.58799398431679,-0.57329844539567,-0.425044182651593,-0.0559807529117377,-0.875521587668297
"104","PKN",5,2,51,15.4,4.6,7.9,0.0639,0.975933492678936,-0.392155102632085,-0.51247879977569,-0.589953072385848,-0.57329844539567,-1.27387502078717,1.14360680948264,-0.156571378816593
"105","PKN",5,3,51,15.4,4.6,7.9,0.0639,0.103178978160809,-0.00656924061219031,-0.351771162215369,0.408087839545098,0.578417181515274,0.140843042772126,-0.0559807529117377,0.56237883003511
"106","PKN",6,1,32.5,13.6,3.9,6.9,0.0457,1.0632089441308,-0.777740964651979,-0.191063524655048,0.408087839545098,-0.57329844539567,-1.27387502078717,-0.0559807529117377,-0.156571378816593
"107","PKN",6,2,32.5,13.6,3.9,6.9,0.0457,1.0632089441308,-0.263626481958787,-0.673186437336011,-0.589953072385848,-0.57329844539567,-0.707987795363453,-0.0559807529117377,-0.875521587668297
"108","PKN",6,3,32.5,13.6,3.9,6.9,0.0457,0.365005332516272,0.764602483427598,-1.31601698757729,2.40416966340699,0.578417181515274,-2.40564947163461,1.14360680948264,2.00027924773852
"109","PKN",7,1,36.5,13.9,4,7.1,0.0507,0.801382589775336,-0.777740964651979,0.130351750465594,-0.589953072385848,-0.57329844539567,-0.707987795363453,-0.0559807529117377,-0.875521587668297
"110","PKN",7,2,36.5,13.9,4,7.1,0.0507,-0.595024633453717,-0.135097861285489,1.41601285094816,-1.58799398431679,-0.57329844539567,0.140843042772126,-0.0559807529117377,0.56237883003511
"111","PKN",7,3,36.5,13.9,4,7.1,0.0507,0.103178978160809,0.250488000734405,-1.15530935001697,3.40221057533793,0.578417181515274,-0.990931408075312,1.14360680948264,2.00027924773852
"112","PKN",8,1,34.6,13.9,4,7,0.0523,1.0632089441308,-1.16332682667187,-0.0303558870947272,-0.589953072385848,-0.57329844539567,-0.707987795363453,-0.0559807529117377,0.56237883003511
"113","PKN",8,2,34.6,13.9,4,7,0.0523,0.365005332516272,-0.777740964651979,0.773182300706877,0.408087839545098,0.578417181515274,-0.142100569939733,-0.0559807529117377,-0.875521587668297
"114","PKN",8,3,34.6,13.9,4,7,0.0523,0.714107138323473,-0.00656924061219031,-1.15530935001697,1.40612875147604,-0.57329844539567,-1.55681863349903,1.14360680948264,1.28132903888681
"115","PKN",9,1,32.8,13.3,4.2,7,0.047,0.190454429612548,-0.135097861285489,0.612474663146556,-0.589953072385848,-0.57329844539567,-0.425044182651593,-2.4551558777005,-0.156571378816593
"116","PKN",9,2,32.8,13.3,4.2,7,0.047,0.452280783968011,-0.263626481958787,-0.673186437336011,-0.589953072385848,-0.57329844539567,0.706730268195845,-0.0559807529117377,-0.875521587668297
"117","PKN",9,3,32.8,13.3,4.2,7,0.047,0.452280783968011,0.121959380061107,-1.47672462513761,0.408087839545098,0.578417181515274,-0.142100569939733,2.34319437187702,1.28132903888681
"118","PKN",10,1,30.3,13.4,3.7,6.8,0.0447,0.626831686871735,-0.520683723305383,0.612474663146556,-0.589953072385848,-0.57329844539567,-1.27387502078717,-0.0559807529117377,-0.875521587668297
"119","PKN",10,2,30.3,13.4,3.7,6.8,0.0447,0.626831686871735,-0.263626481958787,-0.51247879977569,-0.589953072385848,0.578417181515274,-0.707987795363453,-0.0559807529117377,0.56237883003511
"120","PKN",10,3,30.3,13.4,3.7,6.8,0.0447,-0.507749182001979,-0.263626481958787,0.612474663146556,-0.589953072385848,0.578417181515274,1.83850471904328,-1.25556831530612,-0.156571378816593
"121","PKN",11,1,37.2,14.3,4.2,7.3,0.0559,-0.595024633453717,-0.00656924061219031,0.773182300706877,0.408087839545098,-0.57329844539567,1.27261749361956,-1.25556831530612,-0.875521587668297
"122","PKN",11,2,37.2,14.3,4.2,7.3,0.0559,0.801382589775336,-0.263626481958787,-0.351771162215369,-0.589953072385848,0.578417181515274,-0.990931408075312,1.14360680948264,-0.156571378816593
"123","PKN",11,3,37.2,14.3,4.2,7.3,0.0559,-0.0713719247429153,0.121959380061107,-0.673186437336011,-0.589953072385848,0.578417181515274,1.27261749361956,1.14360680948264,-0.156571378816593
"124","PKN",12,1,28.6,13.1,4.1,7.1,0.0437,1.15048439558254,-0.777740964651979,-0.351771162215369,-0.589953072385848,-0.57329844539567,-0.425044182651593,-0.0559807529117377,-0.875521587668297
"125","PKN",12,2,28.6,13.1,4.1,7.1,0.0437,0.801382589775336,-0.649212343978681,0.130351750465594,0.408087839545098,-0.57329844539567,-1.27387502078717,-0.0559807529117377,-0.156571378816593
"126","PKN",12,3,28.6,13.1,4.1,7.1,0.0437,-0.158647376194654,0.6360738627543,-1.47672462513761,0.408087839545098,-0.57329844539567,0.140843042772126,2.34319437187702,2.00027924773852
"127","PKN",13,1,47.4,16,4.5,8.5,0.076,-0.507749182001979,-0.392155102632085,1.25530521338784,-0.589953072385848,-0.57329844539567,0.706730268195845,-0.0559807529117377,-0.875521587668297
"128","PKN",13,2,47.4,16,4.5,8.5,0.076,0.190454429612548,-0.263626481958787,0.291059388025914,-0.589953072385848,-0.57329844539567,-0.425044182651593,-0.0559807529117377,-0.156571378816593
"129","PKN",13,3,47.4,16,4.5,8.5,0.076,-1.46777914797197,0.379016621407704,1.41601285094816,-1.58799398431679,1.73013280842622,1.83850471904328,-1.25556831530612,-0.875521587668297
"130","PKN",14,1,30.6,13.4,4.4,7.9,0.0633,-1.29322824506837,0.379016621407704,1.89813576362912,0.408087839545098,-0.57329844539567,1.27261749361956,-1.25556831530612,-0.875521587668297
"131","PKN",14,2,30.6,13.4,4.4,7.9,0.0633,-0.420473730550116,0.121959380061107,0.451767025586235,-0.589953072385848,-0.57329844539567,0.989673880907704,-1.25556831530612,-0.156571378816593
"132","PKN",14,3,30.6,13.4,4.4,7.9,0.0633,-1.81688095377917,0.764602483427598,1.25530521338784,3.40221057533793,0.578417181515274,1.83850471904328,-1.25556831530612,-1.59447179652
"133","PKN",15,1,48.2,15.9,3.9,7.3,0.046,0.015903526708947,-0.392155102632085,1.09459757582752,0.408087839545098,-0.57329844539567,-0.707987795363453,-1.25556831530612,-1.59447179652
"134","PKN",15,2,48.2,15.9,3.9,7.3,0.046,0.626831686871735,-0.649212343978681,-0.351771162215369,0.408087839545098,-0.57329844539567,0.140843042772126,-0.0559807529117377,-0.156571378816593
"135","PKN",15,3,48.2,15.9,3.9,7.3,0.046,0.626831686871735,-0.00656924061219031,-0.833894074896331,0.408087839545098,0.578417181515274,-0.707987795363453,-0.0559807529117377,-0.156571378816593
"136","PKN",16,1,26.4,13.2,3.8,7.2,0.0475,0.888658041227074,-0.777740964651979,-0.0303558870947272,-0.589953072385848,-0.57329844539567,-0.142100569939733,-0.0559807529117377,-1.59447179652
"137","PKN",16,2,26.4,13.2,3.8,7.2,0.0475,0.801382589775336,-0.906269585325277,-0.191063524655048,0.408087839545098,-0.57329844539567,-0.425044182651593,1.14360680948264,0.56237883003511
"138","PKN",16,3,26.4,13.2,3.8,7.2,0.0475,-1.0314018907129,-0.649212343978681,2.70167395143073,-1.58799398431679,2.88184843533716,1.27261749361956,-2.4551558777005,-2.3134220053717
"139","PKN",17,1,23.6,12.8,3.7,6.6,0.0445,-0.595024633453717,0.250488000734405,1.7374281260688,0.408087839545098,-0.57329844539567,-0.707987795363453,-1.25556831530612,-1.59447179652
"140","PKN",17,2,23.6,12.8,3.7,6.6,0.0445,0.27772988106441,-0.520683723305383,0.451767025586235,0.408087839545098,-0.57329844539567,-1.27387502078717,-0.0559807529117377,1.28132903888681
"141","PKN",17,3,23.6,12.8,3.7,6.6,0.0445,-1.20595279361651,-0.135097861285489,0.612474663146556,0.408087839545098,7.48871094298094,1.83850471904328,-1.25556831530612,-0.156571378816593
"142","PKN",18,1,37.7,14.9,4.1,7.7,0.0551,1.0632089441308,-1.67744130936507,0.451767025586235,-0.589953072385848,-0.57329844539567,-0.425044182651593,-0.0559807529117377,-0.156571378816593
"143","PKN",18,2,37.7,14.9,4.1,7.7,0.0551,1.84868800719719,-1.29185544734517,-0.833894074896331,-0.589953072385848,-0.57329844539567,-0.990931408075312,-0.0559807529117377,-0.875521587668297
"144","PKN",18,3,37.7,14.9,4.1,7.7,0.0551,-0.595024633453717,-1.42038406801847,1.09459757582752,1.40612875147604,0.578417181515274,2.68733555717886,-0.0559807529117377,0.56237883003511
"145","PKN",19,1,36.7,13.8,3.9,6.9,0.0476,0.626831686871735,-0.906269585325277,-0.0303558870947272,0.408087839545098,-0.57329844539567,0.140843042772126,-0.0559807529117377,-0.156571378816593
"146","PKN",19,2,36.7,13.8,3.9,6.9,0.0476,1.15048439558254,-0.777740964651979,-0.0303558870947272,0.408087839545098,-0.57329844539567,-0.990931408075312,-0.0559807529117377,-1.59447179652
"147","PKN",19,3,36.7,13.8,3.9,6.9,0.0476,0.015903526708947,0.250488000734405,-1.15530935001697,0.408087839545098,0.578417181515274,0.989673880907704,1.14360680948264,1.28132903888681
"148","PKN",20,1,21.9,12,3.7,6.7,0.0397,0.626831686871735,-1.03479820599858,0.773182300706877,-0.589953072385848,-0.57329844539567,-1.27387502078717,-0.0559807529117377,-0.156571378816593
"149","PKN",20,2,21.9,12,3.7,6.7,0.0397,1.0632089441308,-1.03479820599858,0.291059388025914,0.408087839545098,-0.57329844539567,-1.27387502078717,-0.0559807529117377,-0.156571378816593
"150","PKN",20,3,21.9,12,3.7,6.7,0.0397,0.801382589775336,-0.392155102632085,-1.31601698757729,1.40612875147604,0.578417181515274,-0.990931408075312,2.34319437187702,2.00027924773852
"151","PKN",21,1,41.6,14.3,4,7.6,0.0513,0.452280783968011,-0.263626481958787,-0.191063524655048,-0.589953072385848,-0.57329844539567,-0.142100569939733,-1.25556831530612,-0.156571378816593
"152","PKN",21,2,41.6,14.3,4,7.6,0.0513,-0.333198279098254,0.250488000734405,-0.0303558870947272,-0.589953072385848,-0.57329844539567,0.989673880907704,-0.0559807529117377,-0.875521587668297
"153","PKN",21,3,41.6,14.3,4,7.6,0.0513,-0.595024633453717,1.02165972477419,0.130351750465594,0.408087839545098,0.578417181515274,-0.707987795363453,-0.0559807529117377,-0.156571378816593
"154","PKN",22,1,40,13.2,4.1,7.1,0.0461,0.714107138323473,-0.906269585325277,-0.0303558870947272,-0.589953072385848,-0.57329844539567,-0.142100569939733,-0.0559807529117377,-0.156571378816593
"155","PKN",22,2,40,13.2,4.1,7.1,0.0461,0.888658041227074,-0.649212343978681,-0.191063524655048,-1.58799398431679,0.578417181515274,-0.990931408075312,-0.0559807529117377,0.56237883003511
"156","PKN",22,3,40,13.2,4.1,7.1,0.0461,0.190454429612548,-0.392155102632085,-0.191063524655048,0.408087839545098,0.578417181515274,-0.142100569939733,-0.0559807529117377,1.28132903888681
"157","PKN",23,1,23.6,14.5,4,7.5,0.0537,0.539556235419873,-0.906269585325277,0.130351750465594,0.408087839545098,-0.57329844539567,0.140843042772126,-0.0559807529117377,-0.156571378816593
"158","PKN",23,2,23.6,14.5,4,7.5,0.0537,0.365005332516272,-0.392155102632085,-0.0303558870947272,-0.589953072385848,-0.57329844539567,0.706730268195845,-0.0559807529117377,-1.59447179652
"159","PKN",23,3,23.6,14.5,4,7.5,0.0537,-0.333198279098254,-0.263626481958787,0.773182300706877,-0.589953072385848,-0.57329844539567,0.989673880907704,-1.25556831530612,-0.875521587668297
"160","PKN",24,1,35.4,12.2,3.4,6.6,0.0345,0.365005332516272,-0.135097861285489,-0.351771162215369,-0.589953072385848,-0.57329844539567,-0.142100569939733,-0.0559807529117377,-0.156571378816593
"161","PKN",24,2,35.4,12.2,3.4,6.6,0.0345,0.27772988106441,0.507545242081002,-0.994601712456652,0.408087839545098,-0.57329844539567,-0.707987795363453,1.14360680948264,0.56237883003511
"162","PKN",24,3,35.4,12.2,3.4,6.6,0.0345,-0.0713719247429153,0.6360738627543,-1.31601698757729,1.40612875147604,4.03356406224811,-0.990931408075312,1.14360680948264,2.00027924773852
"163","PKN",25,1,41.6,13.7,4,7.2,0.0538,0.975933492678936,-1.03479820599858,-0.351771162215369,-0.589953072385848,-0.57329844539567,-0.142100569939733,-0.0559807529117377,-0.156571378816593
"164","PKN",25,2,41.6,13.7,4,7.2,0.0538,0.103178978160809,-0.263626481958787,0.451767025586235,-0.589953072385848,-0.57329844539567,0.140843042772126,-0.0559807529117377,-0.875521587668297
"165","PKN",25,3,41.6,13.7,4,7.2,0.0538,-0.245922827646516,0.507545242081002,-1.15530935001697,1.40612875147604,0.578417181515274,0.423786655483985,1.14360680948264,1.28132903888681
"166","PKN",26,1,41.5,14.8,4.2,6.8,0.0485,0.539556235419873,-1.54891268869177,0.451767025586235,0.408087839545098,-0.57329844539567,0.423786655483985,-0.0559807529117377,1.28132903888681
"167","PKN",26,2,41.5,14.8,4.2,6.8,0.0485,1.76141255574533,-1.67744130936507,-0.51247879977569,-0.589953072385848,-0.57329844539567,-0.707987795363453,-0.0559807529117377,0.56237883003511
"168","PKN",26,3,41.5,14.8,4.2,6.8,0.0485,0.626831686871735,-1.42038406801847,0.612474663146556,-1.58799398431679,0.578417181515274,0.423786655483985,-0.0559807529117377,-0.875521587668297
"169","PKN",27,1,41.7,14.9,3.8,7.5,0.0616,-0.769575536357442,0.379016621407704,1.25530521338784,-0.589953072385848,-0.57329844539567,0.989673880907704,-2.4551558777005,-1.59447179652
"170","PKN",27,2,41.7,14.9,3.8,7.5,0.0616,0.801382589775336,0.250488000734405,-0.833894074896331,-1.58799398431679,-0.57329844539567,-0.707987795363453,-1.25556831530612,-0.875521587668297
"171","PKN",27,3,41.7,14.9,3.8,7.5,0.0616,0.539556235419873,0.6360738627543,-1.79813990025826,0.408087839545098,0.578417181515274,-1.27387502078717,2.34319437187702,1.28132903888681
"172","PKN",28,1,53,16.1,4.3,8.1,0.0706,0.103178978160809,-0.263626481958787,0.451767025586235,0.408087839545098,-0.57329844539567,-0.142100569939733,-0.0559807529117377,-0.875521587668297
"173","PKN",28,2,53,16.1,4.3,8.1,0.0706,0.714107138323473,-0.520683723305383,-0.0303558870947272,-0.589953072385848,-0.57329844539567,-0.425044182651593,-0.0559807529117377,-0.156571378816593
"174","PKN",28,3,53,16.1,4.3,8.1,0.0706,-1.29322824506837,0.6360738627543,1.09459757582752,0.408087839545098,0.578417181515274,1.27261749361956,-0.0559807529117377,-0.875521587668297
"175","PKN",29,1,38.7,14.1,4.4,7.4,0.0607,-0.595024633453717,0.507545242081002,1.09459757582752,-0.589953072385848,-0.57329844539567,0.140843042772126,-1.25556831530612,-1.59447179652
"176","PKN",29,2,38.7,14.1,4.4,7.4,0.0607,1.2377598470344,-0.392155102632085,-0.833894074896331,-0.589953072385848,-0.57329844539567,-0.990931408075312,-0.0559807529117377,-0.875521587668297
"177","PKN",29,3,38.7,14.1,4.4,7.4,0.0607,-0.595024633453717,0.379016621407704,0.291059388025914,1.40612875147604,0.578417181515274,0.706730268195845,-1.25556831530612,0.56237883003511
"178","PKN",30,1,28.8,13,4,6.7,0.0409,-0.158647376194654,0.121959380061107,0.291059388025914,0.408087839545098,-0.57329844539567,0.140843042772126,-0.0559807529117377,-0.875521587668297
"179","PKN",30,2,28.8,13,4,6.7,0.0409,0.801382589775336,-0.135097861285489,-0.994601712456652,0.408087839545098,0.578417181515274,-0.425044182651593,-0.0559807529117377,-0.156571378816593
"180","PKN",30,3,28.8,13,4,6.7,0.0409,-0.420473730550116,-0.135097861285489,0.612474663146556,1.40612875147604,0.578417181515274,-0.142100569939733,-0.0559807529117377,0.56237883003511
"181","SKN",11,1,23.7,12.5,4.2,6.7,0.0454,0.103178978160809,-0.263626481958787,0.291059388025914,0.408087839545098,-0.57329844539567,0.140843042772126,-0.0559807529117377,-0.156571378816593
"182","SKN",11,2,23.7,12.5,4.2,6.7,0.0454,0.27772988106441,-0.00656924061219031,-0.191063524655048,0.408087839545098,-0.57329844539567,-0.707987795363453,-0.0559807529117377,-0.156571378816593
"183","SKN",11,3,23.7,12.5,4.2,6.7,0.0454,0.015903526708947,0.379016621407704,-1.15530935001697,1.40612875147604,0.578417181515274,0.140843042772126,1.14360680948264,1.28132903888681
"184","SKN",12,1,28.1,13.3,4.2,7.2,0.045,1.0632089441308,-0.392155102632085,-0.351771162215369,-0.589953072385848,-0.57329844539567,-1.55681863349903,-0.0559807529117377,-0.875521587668297
"185","SKN",12,2,28.1,13.3,4.2,7.2,0.045,0.801382589775336,0.250488000734405,-0.673186437336011,-0.589953072385848,0.578417181515274,-0.990931408075312,-0.0559807529117377,-0.875521587668297
"186","SKN",12,3,28.1,13.3,4.2,7.2,0.045,-0.420473730550116,0.6360738627543,-0.351771162215369,0.408087839545098,0.578417181515274,0.423786655483985,-0.0559807529117377,-0.156571378816593
"187","SKN",13,1,24.7,12.9,4.1,6.9,0.0421,0.888658041227074,-0.392155102632085,-0.51247879977569,-0.589953072385848,-0.57329844539567,-0.707987795363453,-0.0559807529117377,-0.156571378816593
"188","SKN",13,2,24.7,12.9,4.1,6.9,0.0421,0.190454429612548,-0.00656924061219031,-0.191063524655048,-0.589953072385848,-0.57329844539567,-0.707987795363453,-0.0559807529117377,1.28132903888681
"189","SKN",13,3,24.7,12.9,4.1,6.9,0.0421,-0.682300084905579,-0.135097861285489,0.612474663146556,1.40612875147604,0.578417181515274,0.140843042772126,-0.0559807529117377,1.28132903888681
"190","SKN",14,1,19.5,11.6,3.9,6.7,0.0409,0.190454429612548,0.121959380061107,-0.51247879977569,0.408087839545098,-0.57329844539567,-0.142100569939733,-0.0559807529117377,-0.156571378816593
"191","SKN",14,2,19.5,11.6,3.9,6.7,0.0409,0.539556235419873,-0.135097861285489,-0.994601712456652,-0.589953072385848,0.578417181515274,0.423786655483985,1.14360680948264,0.56237883003511
"192","SKN",14,3,19.5,11.6,3.9,6.7,0.0409,0.539556235419873,-0.00656924061219031,-0.833894074896331,-0.589953072385848,0.578417181515274,-0.990931408075312,1.14360680948264,1.28132903888681
"193","SKN",15,1,19,11.9,3.8,6.4,0.033,0.888658041227074,-0.392155102632085,-0.51247879977569,0.408087839545098,-0.57329844539567,-0.990931408075312,-0.0559807529117377,-0.156571378816593
"194","SKN",15,2,19,11.9,3.8,6.4,0.033,0.539556235419873,-0.135097861285489,-0.673186437336011,0.408087839545098,-0.57329844539567,-0.707987795363453,-1.25556831530612,2.00027924773852
"195","SKN",15,3,19,11.9,3.8,6.4,0.033,-0.507749182001979,-0.777740964651979,1.25530521338784,4.40025148726888,1.73013280842622,-0.142100569939733,-1.25556831530612,-0.156571378816593
"196","SKN",16,1,25,12.7,3.8,6.9,0.0339,0.452280783968011,-0.00656924061219031,-0.51247879977569,0.408087839545098,-0.57329844539567,-0.425044182651593,-0.0559807529117377,-0.156571378816593
"197","SKN",16,2,25,12.7,3.8,6.9,0.0339,0.801382589775336,0.121959380061107,-1.31601698757729,1.40612875147604,-0.57329844539567,-0.707987795363453,-0.0559807529117377,0.56237883003511
"198","SKN",16,3,25,12.7,3.8,6.9,0.0339,-0.420473730550116,-0.135097861285489,0.291059388025914,-0.589953072385848,0.578417181515274,0.989673880907704,-0.0559807529117377,0.56237883003511
"199","SKN",17,1,34.8,14.2,4.4,7.7,0.0618,-0.0713719247429153,-0.777740964651979,0.773182300706877,0.408087839545098,-0.57329844539567,0.423786655483985,1.14360680948264,-0.156571378816593
"200","SKN",17,2,34.8,14.2,4.4,7.7,0.0618,-0.158647376194654,-0.135097861285489,0.291059388025914,0.408087839545098,-0.57329844539567,0.423786655483985,-0.0559807529117377,-0.156571378816593
"201","SKN",17,3,34.8,14.2,4.4,7.7,0.0618,-0.682300084905579,-0.520683723305383,2.05884340118944,-0.589953072385848,0.578417181515274,-0.142100569939733,-0.0559807529117377,0.56237883003511
"202","SKN",18,1,22.7,12.6,3.3,6.4,0.033,0.888658041227074,-0.392155102632085,0.291059388025914,0.408087839545098,-0.57329844539567,-1.55681863349903,-1.25556831530612,-1.59447179652
"203","SKN",18,2,22.7,12.6,3.3,6.4,0.033,0.714107138323473,-0.263626481958787,-0.994601712456652,1.40612875147604,-0.57329844539567,-0.425044182651593,-0.0559807529117377,0.56237883003511
"204","SKN",18,3,22.7,12.6,3.3,6.4,0.033,-0.507749182001979,-0.520683723305383,0.773182300706877,1.40612875147604,1.73013280842622,0.989673880907704,-1.25556831530612,-0.156571378816593
"205","SKN",19,1,24.2,12.5,4,6.6,0.0401,0.190454429612548,-0.263626481958787,-0.0303558870947272,0.408087839545098,-0.57329844539567,0.140843042772126,-0.0559807529117377,-0.156571378816593
"206","SKN",19,2,24.2,12.5,4,6.6,0.0401,-0.507749182001979,0.507545242081002,-0.0303558870947272,0.408087839545098,-0.57329844539567,0.989673880907704,-0.0559807529117377,-0.875521587668297
"207","SKN",19,3,24.2,12.5,4,6.6,0.0401,-1.0314018907129,1.15018834544749,-0.51247879977569,0.408087839545098,1.73013280842622,0.423786655483985,-0.0559807529117377,2.00027924773852
"208","SKN",20,1,27.8,13.1,4.2,7,0.0442,-0.595024633453717,-0.00656924061219031,0.612474663146556,-0.589953072385848,-0.57329844539567,1.27261749361956,-0.0559807529117377,-0.156571378816593
"209","SKN",20,2,27.8,13.1,4.2,7,0.0442,0.190454429612548,-0.392155102632085,0.130351750465594,-0.589953072385848,-0.57329844539567,-0.142100569939733,-0.0559807529117377,1.28132903888681
"210","SKN",20,3,27.8,13.1,4.2,7,0.0442,-0.333198279098254,0.121959380061107,-0.51247879977569,1.40612875147604,0.578417181515274,0.140843042772126,1.14360680948264,2.00027924773852
"211","SKN",21,1,22.8,12.4,3.7,6.4,0.0369,0.801382589775336,-0.649212343978681,-0.673186437336011,-0.589953072385848,-0.57329844539567,0.706730268195845,-0.0559807529117377,-0.875521587668297
"212","SKN",21,2,22.8,12.4,3.7,6.4,0.0369,0.801382589775336,-0.00656924061219031,-0.994601712456652,-0.589953072385848,-0.57329844539567,-0.707987795363453,-0.0559807529117377,-0.156571378816593
"213","SKN",21,3,22.8,12.4,3.7,6.4,0.0369,0.103178978160809,-0.135097861285489,-0.833894074896331,-0.589953072385848,0.578417181515274,0.989673880907704,1.14360680948264,1.28132903888681
"214","SKN",22,1,21.3,11.8,3.7,6,0.031,-0.333198279098254,-0.263626481958787,0.773182300706877,0.408087839545098,0.578417181515274,0.423786655483985,-0.0559807529117377,-0.156571378816593
"215","SKN",22,2,21.3,11.8,3.7,6,0.031,0.888658041227074,-0.520683723305383,-0.191063524655048,-0.589953072385848,-0.57329844539567,-1.55681863349903,1.14360680948264,0.56237883003511
"216","SKN",22,3,21.3,11.8,3.7,6,0.031,0.103178978160809,-0.392155102632085,0.130351750465594,0.408087839545098,2.88184843533716,-0.142100569939733,-0.0559807529117377,-0.156571378816593
"217","SKN",23,1,22.3,12.5,4,6.6,0.0391,0.103178978160809,0.121959380061107,0.130351750465594,-0.589953072385848,-0.57329844539567,-0.142100569939733,-0.0559807529117377,-0.875521587668297
"218","SKN",23,2,22.3,12.5,4,6.6,0.0391,0.452280783968011,0.121959380061107,-1.15530935001697,0.408087839545098,-0.57329844539567,-0.142100569939733,-0.0559807529117377,1.28132903888681
"219","SKN",23,3,22.3,12.5,4,6.6,0.0391,-0.507749182001979,-0.00656924061219031,-0.351771162215369,1.40612875147604,4.03356406224811,-0.425044182651593,1.14360680948264,2.71922945659022
"220","SKN",24,1,20.8,12,3.7,6.5,0.0378,-0.595024633453717,-0.00656924061219031,0.933889938267198,0.408087839545098,-0.57329844539567,0.706730268195845,-0.0559807529117377,-0.156571378816593
"221","SKN",24,2,20.8,12,3.7,6.5,0.0378,0.27772988106441,0.121959380061107,-0.673186437336011,1.40612875147604,-0.57329844539567,-0.707987795363453,-0.0559807529117377,1.28132903888681
"222","SKN",24,3,20.8,12,3.7,6.5,0.0378,-0.769575536357442,-0.00656924061219031,0.612474663146556,0.408087839545098,4.03356406224811,0.989673880907704,-1.25556831530612,-0.156571378816593
"223","SKN",25,1,28.7,13.6,4.2,7.5,0.055,0.539556235419873,-0.649212343978681,0.291059388025914,-0.589953072385848,-0.57329844539567,-0.425044182651593,-0.0559807529117377,-0.875521587668297
"224","SKN",25,2,28.7,13.6,4.2,7.5,0.055,-0.158647376194654,-0.392155102632085,0.773182300706877,0.408087839545098,-0.57329844539567,0.706730268195845,-0.0559807529117377,-0.875521587668297
"225","SKN",25,3,28.7,13.6,4.2,7.5,0.055,-0.682300084905579,-0.00656924061219031,0.451767025586235,1.40612875147604,0.578417181515274,1.27261749361956,-1.25556831530612,0.56237883003511
"226","SKN",26,1,29.4,13.2,4,6.7,0.0389,0.714107138323473,-0.520683723305383,-0.351771162215369,-0.589953072385848,-0.57329844539567,-0.142100569939733,1.14360680948264,-0.156571378816593
"227","SKN",26,2,29.4,13.2,4,6.7,0.0389,0.452280783968011,0.250488000734405,-1.15530935001697,0.408087839545098,0.578417181515274,-0.707987795363453,1.14360680948264,-0.875521587668297
"228","SKN",26,3,29.4,13.2,4,6.7,0.0389,-0.158647376194654,-0.135097861285489,-0.673186437336011,1.40612875147604,4.03356406224811,-0.990931408075312,1.14360680948264,2.00027924773852
"229","SKN",27,1,19.7,11.8,3.7,6.3,0.0347,0.452280783968011,-0.00656924061219031,-0.351771162215369,-0.589953072385848,0.578417181515274,-0.707987795363453,-0.0559807529117377,-0.156571378816593
"230","SKN",27,2,19.7,11.8,3.7,6.3,0.0347,0.365005332516272,0.379016621407704,-0.833894074896331,-0.589953072385848,-0.57329844539567,-0.707987795363453,1.14360680948264,0.56237883003511
"231","SKN",27,3,19.7,11.8,3.7,6.3,0.0347,0.190454429612548,0.6360738627543,-1.47672462513761,2.40416966340699,0.578417181515274,-0.707987795363453,2.34319437187702,1.28132903888681
"232","SKN",28,1,28.9,13.4,4.2,6.9,0.0469,0.103178978160809,-0.263626481958787,0.773182300706877,0.408087839545098,-0.57329844539567,-0.707987795363453,-0.0559807529117377,-0.156571378816593
"233","SKN",28,2,28.9,13.4,4.2,6.9,0.0469,0.015903526708947,-0.135097861285489,-0.0303558870947272,1.40612875147604,-0.57329844539567,-0.142100569939733,-0.0559807529117377,1.28132903888681
"234","SKN",28,3,28.9,13.4,4.2,6.9,0.0469,0.190454429612548,0.379016621407704,-0.833894074896331,-0.589953072385848,0.578417181515274,-0.425044182651593,-0.0559807529117377,1.28132903888681
"235","SKN",29,1,25,12.6,3.8,6.6,0.0377,0.801382589775336,-0.520683723305383,-0.0303558870947272,-0.589953072385848,-0.57329844539567,-0.425044182651593,-0.0559807529117377,-1.59447179652
"236","SKN",29,2,25,12.6,3.8,6.6,0.0377,0.714107138323473,-1.03479820599858,-0.351771162215369,1.40612875147604,-0.57329844539567,0.140843042772126,-0.0559807529117377,1.28132903888681
"237","SKN",29,3,25,12.6,3.8,6.6,0.0377,0.626831686871735,-0.392155102632085,-0.994601712456652,0.408087839545098,0.578417181515274,-0.707987795363453,1.14360680948264,2.00027924773852
"238","SKN",30,1,18.7,11.6,3.8,6.2,0.0312,0.103178978160809,-0.520683723305383,0.291059388025914,1.40612875147604,-0.57329844539567,0.140843042772126,-0.0559807529117377,-0.156571378816593
"239","SKN",30,2,18.7,11.6,3.8,6.2,0.0312,-0.333198279098254,1.15018834544749,-0.0303558870947272,-0.589953072385848,-0.57329844539567,-0.142100569939733,-1.25556831530612,-1.59447179652
"240","SKN",30,3,18.7,11.6,3.8,6.2,0.0312,-0.595024633453717,0.250488000734405,0.130351750465594,1.40612875147604,0.578417181515274,1.27261749361956,-1.25556831530612,-0.875521587668297
"241","SKN",31,1,29.2,13.6,4.2,7,0.0495,0.452280783968011,-0.135097861285489,-0.51247879977569,-0.589953072385848,-0.57329844539567,0.423786655483985,-0.0559807529117377,-0.875521587668297
"242","SKN",31,2,29.2,13.6,4.2,7,0.0495,-0.682300084905579,0.893131104100896,0.291059388025914,-0.589953072385848,-0.57329844539567,0.706730268195845,-2.4551558777005,-0.156571378816593
"243","SKN",31,3,29.2,13.6,4.2,7,0.0495,-0.158647376194654,1.02165972477419,-1.31601698757729,0.408087839545098,-0.57329844539567,0.423786655483985,-0.0559807529117377,0.56237883003511
"244","SKN",32,1,18.7,11.8,3.8,6.4,0.0372,0.103178978160809,-0.135097861285489,-0.0303558870947272,-1.58799398431679,0.578417181515274,0.423786655483985,-0.0559807529117377,-0.156571378816593
"245","SKN",32,2,18.7,11.8,3.8,6.4,0.0372,-0.507749182001979,0.893131104100896,-0.191063524655048,-0.589953072385848,-0.57329844539567,0.423786655483985,-0.0559807529117377,-0.875521587668297
"246","SKN",32,3,18.7,11.8,3.8,6.4,0.0372,-1.20595279361651,1.66430282814068,0.933889938267198,-1.58799398431679,0.578417181515274,-0.707987795363453,-0.0559807529117377,-0.875521587668297
"247","SKN",33,1,33.8,13.8,4.2,7.1,0.0471,-0.682300084905579,-0.135097861285489,0.773182300706877,-0.589953072385848,-0.57329844539567,1.55556110633142,-0.0559807529117377,-0.875521587668297
"248","SKN",33,2,33.8,13.8,4.2,7.1,0.0471,-0.0713719247429153,0.250488000734405,-0.0303558870947272,0.408087839545098,-0.57329844539567,0.140843042772126,-0.0559807529117377,-0.875521587668297
"249","SKN",33,3,33.8,13.8,4.2,7.1,0.0471,-0.420473730550116,-0.135097861285489,-0.191063524655048,-0.589953072385848,0.578417181515274,1.83850471904328,-0.0559807529117377,-0.156571378816593
"250","SKN",34,1,25.9,12.5,4,6.9,0.0455,0.539556235419873,-0.649212343978681,-0.51247879977569,1.40612875147604,-0.57329844539567,0.423786655483985,-0.0559807529117377,-0.156571378816593
"251","SKN",34,2,25.9,12.5,4,6.9,0.0455,0.539556235419873,-0.520683723305383,-0.351771162215369,-0.589953072385848,-0.57329844539567,0.140843042772126,-0.0559807529117377,-0.156571378816593
"252","SKN",34,3,25.9,12.5,4,6.9,0.0455,0.626831686871735,-0.263626481958787,-1.15530935001697,1.40612875147604,0.578417181515274,-0.425044182651593,1.14360680948264,1.28132903888681
"253","SKN",35,1,19.6,11.7,3.8,6,0.0368,0.015903526708947,-0.00656924061219031,-0.351771162215369,-0.589953072385848,-0.57329844539567,1.55556110633142,-0.0559807529117377,-0.875521587668297
"254","SKN",35,2,19.6,11.7,3.8,6,0.0368,0.626831686871735,-0.135097861285489,-0.833894074896331,0.408087839545098,-0.57329844539567,-0.707987795363453,-0.0559807529117377,0.56237883003511
"255","SKN",35,3,19.6,11.7,3.8,6,0.0368,-0.0713719247429153,0.6360738627543,-0.994601712456652,1.40612875147604,-0.57329844539567,0.140843042772126,1.14360680948264,-0.156571378816593
"256","SKN",36,1,27.5,13,4,7,0.0443,0.888658041227074,-0.392155102632085,-0.673186437336011,-0.589953072385848,0.578417181515274,-0.142100569939733,-0.0559807529117377,-0.875521587668297
"257","SKN",36,2,27.5,13,4,7,0.0443,0.27772988106441,0.121959380061107,0.130351750465594,-0.589953072385848,-0.57329844539567,-0.707987795363453,-0.0559807529117377,-0.156571378816593
"258","SKN",36,3,27.5,13,4,7,0.0443,0.103178978160809,-0.00656924061219031,-0.833894074896331,-0.589953072385848,0.578417181515274,0.706730268195845,1.14360680948264,-0.156571378816593
"259","SKN",37,1,21.9,12.5,3.8,6.8,0.0391,0.626831686871735,-0.649212343978681,0.612474663146556,-0.589953072385848,-0.57329844539567,-0.990931408075312,-1.25556831530612,-0.156571378816593
"260","SKN",37,2,21.9,12.5,3.8,6.8,0.0391,0.801382589775336,-0.263626481958787,-0.994601712456652,0.408087839545098,-0.57329844539567,-0.707987795363453,-0.0559807529117377,0.56237883003511
"261","SKN",37,3,21.9,12.5,3.8,6.8,0.0391,-0.769575536357442,-0.135097861285489,0.130351750465594,1.40612875147604,2.88184843533716,0.423786655483985,1.14360680948264,2.00027924773852
"262","SKN",38,1,24.8,12.6,4.1,7.1,0.0457,-0.0713719247429153,-0.520683723305383,0.612474663146556,0.408087839545098,0.578417181515274,0.140843042772126,1.14360680948264,-0.156571378816593
"263","SKN",38,2,24.8,12.6,4.1,7.1,0.0457,0.103178978160809,-0.135097861285489,0.451767025586235,-1.58799398431679,-0.57329844539567,-0.425044182651593,-0.0559807529117377,0.56237883003511
"264","SKN",38,3,24.8,12.6,4.1,7.1,0.0457,0.539556235419873,0.507545242081002,-1.15530935001697,1.40612875147604,0.578417181515274,-1.55681863349903,-0.0559807529117377,0.56237883003511
"265","SKN",39,1,22.8,12.2,3.7,6.2,0.0363,0.539556235419873,0.121959380061107,-0.51247879977569,-0.589953072385848,-0.57329844539567,-0.990931408075312,-0.0559807529117377,-0.875521587668297
"266","SKN",39,2,22.8,12.2,3.7,6.2,0.0363,0.190454429612548,-0.135097861285489,0.130351750465594,0.408087839545098,-0.57329844539567,-0.707987795363453,-0.0559807529117377,0.56237883003511
"267","SKN",39,3,22.8,12.2,3.7,6.2,0.0363,0.190454429612548,0.764602483427598,-1.31601698757729,-0.589953072385848,0.578417181515274,-0.142100569939733,-0.0559807529117377,0.56237883003511
"268","SKN",40,1,23.2,11.6,3.7,6.1,0.0373,0.714107138323473,-1.67744130936507,0.451767025586235,0.408087839545098,-0.57329844539567,0.706730268195845,-0.0559807529117377,0.56237883003511
"269","SKN",40,2,23.2,11.6,3.7,6.1,0.0373,0.975933492678936,-1.16332682667187,0.130351750465594,0.408087839545098,-0.57329844539567,-0.990931408075312,-0.0559807529117377,0.56237883003511
"270","SKN",40,3,23.2,11.6,3.7,6.1,0.0373,0.452280783968011,-0.649212343978681,-0.994601712456652,3.40221057533793,0.578417181515274,-0.707987795363453,1.14360680948264,2.71922945659022
"271","SNI",1,1,17,11.1,3.5,6,0.0299,-2.42780911394196,3.84928937958675,0.612474663146556,-0.589953072385848,-0.57329844539567,-0.707987795363453,-1.25556831530612,-0.875521587668297
"272","SNI",1,2,17,11.1,3.5,6,0.0299,-0.682300084905579,1.53577420746739,-0.833894074896331,0.408087839545098,-0.57329844539567,-0.142100569939733,1.14360680948264,0.56237883003511
"273","SNI",1,3,17,11.1,3.5,6,0.0299,-1.64233005087557,3.07811765554696,-0.994601712456652,0.408087839545098,0.578417181515274,-0.425044182651593,1.14360680948264,2.00027924773852
"274","SNI",2,1,15.6,10.9,3.2,5.9,0.0252,0.365005332516272,0.507545242081002,-0.351771162215369,-0.589953072385848,-0.57329844539567,-0.990931408075312,-0.0559807529117377,-0.875521587668297
"275","SNI",2,2,15.6,10.9,3.2,5.9,0.0252,-0.0713719247429153,0.764602483427598,-0.673186437336011,-0.589953072385848,-0.57329844539567,-0.425044182651593,-0.0559807529117377,-0.156571378816593
"276","SNI",2,3,15.6,10.9,3.2,5.9,0.0252,-0.333198279098254,1.53577420746739,-1.63743226269794,0.408087839545098,0.578417181515274,-1.27387502078717,2.34319437187702,2.00027924773852
"277","SNI",3,1,16.3,11.2,3.4,6,0.0256,0.27772988106441,-0.00656924061219031,0.291059388025914,0.408087839545098,-0.57329844539567,-1.55681863349903,-0.0559807529117377,-0.156571378816593
"278","SNI",3,2,16.3,11.2,3.4,6,0.0256,-0.420473730550116,0.379016621407704,0.291059388025914,1.40612875147604,0.578417181515274,-0.707987795363453,-0.0559807529117377,1.28132903888681
"279","SNI",3,3,16.3,11.2,3.4,6,0.0256,0.190454429612548,0.379016621407704,-1.47672462513761,0.408087839545098,0.578417181515274,-0.707987795363453,2.34319437187702,2.71922945659022
"280","SNI",4,1,10.4,9.6,3.3,5.4,0.0226,0.452280783968011,0.379016621407704,-0.673186437336011,0.408087839545098,-0.57329844539567,-0.990931408075312,-0.0559807529117377,-0.875521587668297
"281","SNI",4,2,10.4,9.6,3.3,5.4,0.0226,0.015903526708947,0.6360738627543,-0.833894074896331,0.408087839545098,0.578417181515274,-0.425044182651593,-0.0559807529117377,-0.156571378816593
"282","SNI",4,3,10.4,9.6,3.3,5.4,0.0226,-0.158647376194654,0.250488000734405,-0.0303558870947272,-0.589953072385848,0.578417181515274,-0.142100569939733,-0.0559807529117377,-0.156571378816593
"283","SNI",5,1,13.6,10.2,3.3,5.9,0.0248,0.975933492678936,-0.00656924061219031,-0.833894074896331,-0.589953072385848,-0.57329844539567,-1.27387502078717,-0.0559807529117377,-0.156571378816593
"284","SNI",5,2,13.6,10.2,3.3,5.9,0.0248,0.714107138323473,-0.263626481958787,-0.833894074896331,0.408087839545098,-0.57329844539567,-0.425044182651593,1.14360680948264,-0.156571378816593
"285","SNI",5,3,13.6,10.2,3.3,5.9,0.0248,-0.245922827646516,-0.00656924061219031,0.612474663146556,-0.589953072385848,0.578417181515274,0.140843042772126,-1.25556831530612,-0.156571378816593
"286","SNI",6,1,11.2,10,3.2,5.3,0.02,0.190454429612548,0.379016621407704,-0.191063524655048,0.408087839545098,-0.57329844539567,-0.990931408075312,-1.25556831530612,0.56237883003511
"287","SNI",6,2,11.2,10,3.2,5.3,0.02,-1.29322824506837,1.53577420746739,0.451767025586235,1.40612875147604,-0.57329844539567,0.140843042772126,-1.25556831530612,-0.156571378816593
"288","SNI",6,3,11.2,10,3.2,5.3,0.02,-1.11867734216464,2.43547455218047,-1.63743226269794,1.40612875147604,-0.57329844539567,-0.142100569939733,2.34319437187702,0.56237883003511
"289","SNI",7,1,6.9,8.7,3.1,5,0.0182,0.714107138323473,-1.03479820599858,-0.351771162215369,-0.589953072385848,-0.57329844539567,0.706730268195845,1.14360680948264,-0.156571378816593
"290","SNI",7,2,6.9,8.7,3.1,5,0.0182,0.888658041227074,-1.03479820599858,-0.51247879977569,0.408087839545098,0.578417181515274,-0.142100569939733,-0.0559807529117377,0.56237883003511
"291","SNI",7,3,6.9,8.7,3.1,5,0.0182,1.2377598470344,-0.777740964651979,-2.1195551753789,2.40416966340699,0.578417181515274,-1.27387502078717,3.5427819342714,2.00027924773852
"292","SNI",8,1,11.2,11.3,3.1,6.1,0.0275,0.626831686871735,-0.392155102632085,-0.833894074896331,-0.589953072385848,0.578417181515274,0.706730268195845,-0.0559807529117377,-0.875521587668297
"293","SNI",8,2,11.2,11.3,3.1,6.1,0.0275,0.626831686871735,-0.00656924061219031,-0.994601712456652,-0.589953072385848,0.578417181515274,-0.142100569939733,-0.0559807529117377,-0.156571378816593
"294","SNI",8,3,11.2,11.3,3.1,6.1,0.0275,0.27772988106441,0.764602483427598,-1.47672462513761,0.408087839545098,-0.57329844539567,-0.707987795363453,1.14360680948264,1.28132903888681
"295","SNI",9,1,15.3,11,3.5,5.8,0.0262,0.27772988106441,0.379016621407704,-0.833894074896331,0.408087839545098,0.578417181515274,-0.990931408075312,1.14360680948264,0.56237883003511
"296","SNI",9,2,15.3,11,3.5,5.8,0.0262,-0.944126439261042,1.66430282814068,0.130351750465594,0.408087839545098,-0.57329844539567,-0.425044182651593,-0.0559807529117377,-0.875521587668297
"297","SNI",9,3,15.3,11,3.5,5.8,0.0262,-1.55505459942371,3.20664627622026,-0.51247879977569,-0.589953072385848,-0.57329844539567,-0.990931408075312,-0.0559807529117377,-0.156571378816593
"298","SNI",10,1,12.3,10,3.4,5.8,0.027,2.11051436155253,-2.83419889542475,-0.191063524655048,0.408087839545098,0.578417181515274,-0.142100569939733,-0.0559807529117377,-0.156571378816593
"299","SNI",10,2,12.3,10,3.4,5.8,0.027,2.19778981300439,-2.44861303340485,-0.833894074896331,0.408087839545098,0.578417181515274,-0.707987795363453,-0.0559807529117377,0.56237883003511
"300","SNI",10,3,12.3,10,3.4,5.8,0.027,1.49958620138986,-2.70567027475145,0.291059388025914,-0.589953072385848,0.578417181515274,0.989673880907704,-0.0559807529117377,-1.59447179652
"301","SNI",11,1,13.6,10.4,3.5,5.7,0.0231,-0.158647376194654,0.893131104100896,-0.191063524655048,0.408087839545098,-0.57329844539567,-0.990931408075312,-0.0559807529117377,-0.875521587668297
"302","SNI",11,2,13.6,10.4,3.5,5.7,0.0231,-0.944126439261042,2.43547455218047,-0.51247879977569,-0.589953072385848,-0.57329844539567,-0.990931408075312,-0.0559807529117377,-0.156571378816593
"303","SNI",11,3,13.6,10.4,3.5,5.7,0.0231,-1.81688095377917,2.30694593150718,-0.833894074896331,0.408087839545098,4.03356406224811,-0.425044182651593,2.34319437187702,2.71922945659022
"304","SNI",12,1,13.9,10.5,3.4,5.7,0.0268,0.452280783968011,-0.00656924061219031,-0.351771162215369,0.408087839545098,-0.57329844539567,-0.990931408075312,-0.0559807529117377,0.56237883003511
"305","SNI",12,2,13.9,10.5,3.4,5.7,0.0268,0.27772988106441,0.379016621407704,-0.833894074896331,-0.589953072385848,-0.57329844539567,-0.425044182651593,1.14360680948264,-0.156571378816593
"306","SNI",12,3,13.9,10.5,3.4,5.7,0.0268,-0.682300084905579,1.53577420746739,-1.47672462513761,0.408087839545098,0.578417181515274,0.140843042772126,2.34319437187702,2.00027924773852
"307","SNI",13,1,13.3,10.5,3.3,5.9,0.0267,1.84868800719719,-2.70567027475145,-0.351771162215369,0.408087839545098,-0.57329844539567,0.423786655483985,-0.0559807529117377,0.56237883003511
"308","SNI",13,2,13.3,10.5,3.3,5.9,0.0267,2.11051436155253,-2.32008441273156,-0.191063524655048,0.408087839545098,-0.57329844539567,-1.27387502078717,1.14360680948264,-0.156571378816593
"309","SNI",13,3,13.3,10.5,3.3,5.9,0.0267,0.975933492678936,-2.44861303340485,0.291059388025914,1.40612875147604,0.578417181515274,0.706730268195845,-0.0559807529117377,1.28132903888681
"310","SNI",14,1,15.8,11.2,3.3,6.2,0.0339,0.190454429612548,0.121959380061107,-0.191063524655048,-0.589953072385848,-0.57329844539567,-0.142100569939733,-0.0559807529117377,-0.156571378816593
"311","SNI",14,2,15.8,11.2,3.3,6.2,0.0339,-1.0314018907129,0.764602483427598,0.451767025586235,-0.589953072385848,-0.57329844539567,1.55556110633142,-0.0559807529117377,-0.875521587668297
"312","SNI",14,3,15.8,11.2,3.3,6.2,0.0339,-0.595024633453717,1.79283144881398,-0.994601712456652,1.40612875147604,0.578417181515274,-0.990931408075312,-0.0559807529117377,0.56237883003511
"313","SNI",15,1,14.7,10.7,3.4,5.8,0.0271,2.11051436155253,-3.60537061946454,0.130351750465594,-0.589953072385848,-0.57329844539567,0.989673880907704,-1.25556831530612,0.56237883003511
"314","SNI",15,2,14.7,10.7,3.4,5.8,0.0271,2.54689161881171,-3.34831337811794,-0.833894074896331,1.40612875147604,-0.57329844539567,-0.990931408075312,1.14360680948264,2.00027924773852
"315","SNI",15,3,14.7,10.7,3.4,5.8,0.0271,2.45961616735985,-3.73389924013783,-1.15530935001697,1.40612875147604,0.578417181515274,0.706730268195845,2.34319437187702,1.28132903888681
"316","SNI",16,1,15.5,11.1,3.5,5.9,0.0275,0.015903526708947,-0.135097861285489,-0.191063524655048,1.40612875147604,-0.57329844539567,-0.425044182651593,-0.0559807529117377,0.56237883003511
"317","SNI",16,2,15.5,11.1,3.5,5.9,0.0275,0.015903526708947,0.379016621407704,-0.51247879977569,0.408087839545098,-0.57329844539567,-0.142100569939733,1.14360680948264,0.56237883003511
"318","SNI",16,3,15.5,11.1,3.5,5.9,0.0275,-0.420473730550116,1.02165972477419,-0.833894074896331,0.408087839545098,0.578417181515274,-0.707987795363453,1.14360680948264,1.28132903888681
"319","SNI",17,1,11.1,9.9,3.2,5.4,0.0219,0.714107138323473,-0.00656924061219031,-0.191063524655048,0.408087839545098,-0.57329844539567,-2.12270585892275,-0.0559807529117377,0.56237883003511
"320","SNI",17,2,11.1,9.9,3.2,5.4,0.0219,0.626831686871735,0.250488000734405,-1.31601698757729,0.408087839545098,-0.57329844539567,-0.990931408075312,1.14360680948264,1.28132903888681
"321","SNI",17,3,11.1,9.9,3.2,5.4,0.0219,-0.0713719247429153,0.893131104100896,-1.63743226269794,4.40025148726888,0.578417181515274,-1.83976224621089,2.34319437187702,2.71922945659022
"322","SNI",18,1,14.6,10.8,3.6,6.1,0.0273,-0.158647376194654,-0.00656924061219031,0.130351750465594,0.408087839545098,0.578417181515274,0.423786655483985,-0.0559807529117377,-0.156571378816593
"323","SNI",18,2,14.6,10.8,3.6,6.1,0.0273,0.190454429612548,0.121959380061107,-0.351771162215369,1.40612875147604,-0.57329844539567,-0.990931408075312,1.14360680948264,1.28132903888681
"324","SNI",18,3,14.6,10.8,3.6,6.1,0.0273,-1.72960550232743,0.764602483427598,1.89813576362912,0.408087839545098,0.578417181515274,1.27261749361956,-1.25556831530612,-0.875521587668297
"325","SNI",19,1,9.8,9.6,3.4,5.5,0.0235,0.626831686871735,-0.263626481958787,-0.833894074896331,0.408087839545098,0.578417181515274,-0.142100569939733,-0.0559807529117377,0.56237883003511
"326","SNI",19,2,9.8,9.6,3.4,5.5,0.0235,0.190454429612548,0.379016621407704,-0.833894074896331,-0.589953072385848,-0.57329844539567,0.140843042772126,1.14360680948264,0.56237883003511
"327","SNI",19,3,9.8,9.6,3.4,5.5,0.0235,0.015903526708947,0.250488000734405,-0.833894074896331,0.408087839545098,1.73013280842622,-0.142100569939733,1.14360680948264,0.56237883003511
"328","SNI",20,1,15.3,11,3.5,6,0.0276,0.975933492678936,-0.135097861285489,-0.994601712456652,-0.589953072385848,-0.57329844539567,-0.707987795363453,-0.0559807529117377,-0.875521587668297
"329","SNI",20,2,15.3,11,3.5,6,0.0276,0.103178978160809,0.379016621407704,-0.994601712456652,0.408087839545098,-0.57329844539567,0.140843042772126,1.14360680948264,0.56237883003511
"330","SNI",20,3,15.3,11,3.5,6,0.0276,-0.420473730550116,1.27871696612079,-1.63743226269794,0.408087839545098,0.578417181515274,-0.142100569939733,3.5427819342714,2.71922945659022
"331","SNI",21,1,13.5,10.7,3.2,5.7,0.023,0.365005332516272,-0.520683723305383,-0.51247879977569,0.408087839545098,0.578417181515274,0.423786655483985,1.14360680948264,0.56237883003511
"332","SNI",21,2,13.5,10.7,3.2,5.7,0.023,0.015903526708947,-0.135097861285489,-0.51247879977569,-0.589953072385848,-0.57329844539567,1.55556110633142,-0.0559807529117377,-0.156571378816593
"333","SNI",21,3,13.5,10.7,3.2,5.7,0.023,0.365005332516272,0.507545242081002,-0.994601712456652,0.408087839545098,0.578417181515274,-1.27387502078717,1.14360680948264,1.28132903888681
"334","SNI",22,1,15.4,11.1,3.2,5.9,0.0263,-1.55505459942371,2.94958903487366,-0.51247879977569,-0.589953072385848,-0.57329844539567,-0.425044182651593,-0.0559807529117377,-0.156571378816593
"335","SNI",22,2,15.4,11.1,3.2,5.9,0.0263,-2.16598275958649,4.49193248295324,-1.15530935001697,-0.589953072385848,0.578417181515274,-1.27387502078717,1.14360680948264,-0.156571378816593
"336","SNI",22,3,15.4,11.1,3.2,5.9,0.0263,-1.64233005087557,2.94958903487366,-0.994601712456652,0.408087839545098,0.578417181515274,-0.425044182651593,1.14360680948264,1.28132903888681
"337","SNI",23,1,14,10.6,3.5,5.8,0.0251,1.15048439558254,-1.16332682667187,-0.51247879977569,1.40612875147604,-0.57329844539567,-0.990931408075312,1.14360680948264,0.56237883003511
"338","SNI",23,2,14,10.6,3.5,5.8,0.0251,0.27772988106441,-0.263626481958787,-0.51247879977569,1.40612875147604,-0.57329844539567,0.140843042772126,1.14360680948264,-0.156571378816593
"339","SNI",23,3,14,10.6,3.5,5.8,0.0251,0.801382589775336,-0.00656924061219031,-1.63743226269794,2.40416966340699,0.578417181515274,-2.12270585892275,2.34319437187702,2.71922945659022
"340","SNI",24,1,15.7,11.2,3.4,6.1,0.0297,0.27772988106441,-0.135097861285489,-0.673186437336011,-0.589953072385848,0.578417181515274,0.706730268195845,-0.0559807529117377,0.56237883003511
"341","SNI",24,2,15.7,11.2,3.4,6.1,0.0297,0.888658041227074,-0.00656924061219031,-1.47672462513761,0.408087839545098,0.578417181515274,-0.990931408075312,-0.0559807529117377,1.28132903888681
"342","SNI",24,3,15.7,11.2,3.4,6.1,0.0297,-0.245922827646516,0.6360738627543,-1.47672462513761,4.40025148726888,0.578417181515274,-0.990931408075312,2.34319437187702,2.00027924773852
"343","SNI",25,1,9.6,9.6,3.2,5.2,0.0198,0.801382589775336,-0.135097861285489,-0.673186437336011,-0.589953072385848,-0.57329844539567,-0.990931408075312,1.14360680948264,-0.156571378816593
"344","SNI",25,2,9.6,9.6,3.2,5.2,0.0198,0.801382589775336,0.250488000734405,-1.31601698757729,1.40612875147604,0.578417181515274,-1.55681863349903,1.14360680948264,-0.156571378816593
"345","SNI",25,3,9.6,9.6,3.2,5.2,0.0198,-0.158647376194654,0.250488000734405,-0.191063524655048,-1.58799398431679,1.73013280842622,-0.142100569939733,1.14360680948264,0.56237883003511
"346","SNI",26,1,11,10,3.4,5.9,0.0265,1.93596345864893,-1.80596993003836,-0.994601712456652,0.408087839545098,0.578417181515274,-0.707987795363453,-0.0559807529117377,-0.156571378816593
"347","SNI",26,2,11,10,3.4,5.9,0.0265,0.801382589775336,-1.29185544734517,0.612474663146556,0.408087839545098,-0.57329844539567,-0.142100569939733,-1.25556831530612,-0.875521587668297
"348","SNI",26,3,11,10,3.4,5.9,0.0265,0.539556235419873,-0.520683723305383,-0.673186437336011,0.408087839545098,0.578417181515274,-0.142100569939733,-0.0559807529117377,1.28132903888681
"349","SNI",27,1,12.9,10.3,3.2,5.6,0.0228,2.02323891010079,-1.93449855071166,-0.51247879977569,0.408087839545098,-0.57329844539567,-1.27387502078717,-0.0559807529117377,-0.875521587668297
"350","SNI",27,2,12.9,10.3,3.2,5.6,0.0228,1.49958620138986,-1.54891268869177,-0.994601712456652,0.408087839545098,-0.57329844539567,-0.142100569939733,-0.0559807529117377,0.56237883003511
"351","SNI",27,3,12.9,10.3,3.2,5.6,0.0228,0.888658041227074,-1.80596993003836,-0.51247879977569,1.40612875147604,2.88184843533716,0.706730268195845,-0.0559807529117377,0.56237883003511
"352","SNI",28,1,11.8,10.1,3.2,5.7,0.0233,0.27772988106441,-0.135097861285489,-0.0303558870947272,0.408087839545098,-0.57329844539567,0.140843042772126,-0.0559807529117377,-0.875521587668297
"353","SNI",28,2,11.8,10.1,3.2,5.7,0.0233,0.888658041227074,0.121959380061107,-1.15530935001697,-0.589953072385848,-0.57329844539567,-1.55681863349903,1.14360680948264,1.28132903888681
"354","SNI",28,3,11.8,10.1,3.2,5.7,0.0233,0.801382589775336,0.250488000734405,-1.95884753781858,0.408087839545098,0.578417181515274,-1.27387502078717,2.34319437187702,2.00027924773852
"355","SNI",29,1,11.5,10.3,3.4,5.7,0.0266,1.2377598470344,-0.649212343978681,-0.51247879977569,-0.589953072385848,-0.57329844539567,-1.27387502078717,-0.0559807529117377,-0.156571378816593
"356","SNI",29,2,11.5,10.3,3.4,5.7,0.0266,0.365005332516272,-0.00656924061219031,-0.351771162215369,1.40612875147604,-0.57329844539567,-0.142100569939733,-2.4551558777005,-0.156571378816593
"357","SNI",29,3,11.5,10.3,3.4,5.7,0.0266,-1.20595279361651,1.15018834544749,0.291059388025914,-0.589953072385848,0.578417181515274,1.27261749361956,-0.0559807529117377,-0.875521587668297
"358","SNI",30,1,7.8,8.9,2.9,4.9,0.0173,-1.0314018907129,2.56400317285377,-1.31601698757729,0.408087839545098,-0.57329844539567,-0.142100569939733,-0.0559807529117377,-0.156571378816593
"359","SNI",30,2,7.8,8.9,2.9,4.9,0.0173,-1.64233005087557,3.59223213824016,-1.31601698757729,0.408087839545098,-0.57329844539567,-0.990931408075312,1.14360680948264,0.56237883003511
"360","SNI",30,3,7.8,8.9,2.9,4.9,0.0173,-2.42780911394196,3.84928937958675,-0.673186437336011,0.408087839545098,0.578417181515274,-0.425044182651593,1.14360680948264,1.28132903888681
"361","PNA",1,1,80,18.1,5,9,0.1206,-0.158647376194654,0.121959380061107,-0.191063524655048,-0.589953072385848,-0.57329844539567,0.706730268195845,-0.0559807529117377,-0.156571378816593
"362","PNA",1,2,80,18.1,5,9,0.1206,0.015903526708947,0.379016621407704,-0.0303558870947272,-1.58799398431679,-0.57329844539567,0.140843042772126,-0.0559807529117377,-0.875521587668297
"363","PNA",1,3,80,18.1,5,9,0.1206,-1.29322824506837,1.02165972477419,1.09459757582752,-1.58799398431679,-0.57329844539567,0.706730268195845,-0.0559807529117377,-0.875521587668297
"364","PNA",2,1,69.2,17.7,4.7,9.2,0.1014,0.365005332516272,-0.135097861285489,-0.0303558870947272,0.408087839545098,-0.57329844539567,-0.990931408075312,-0.0559807529117377,-0.875521587668297
"365","PNA",2,2,69.2,17.7,4.7,9.2,0.1014,0.015903526708947,0.250488000734405,-0.51247879977569,-0.589953072385848,-0.57329844539567,0.423786655483985,-0.0559807529117377,-0.156571378816593
"366","PNA",2,3,69.2,17.7,4.7,9.2,0.1014,-1.20595279361651,0.764602483427598,1.25530521338784,-1.58799398431679,0.578417181515274,0.989673880907704,-1.25556831530612,-0.875521587668297
"367","PNA",3,1,54.2,15.8,4.6,8.7,0.0881,0.27772988106441,-0.135097861285489,-0.191063524655048,0.408087839545098,-0.57329844539567,0.423786655483985,-0.0559807529117377,-0.875521587668297
"368","PNA",3,2,54.2,15.8,4.6,8.7,0.0881,-0.158647376194654,0.6360738627543,-0.833894074896331,0.408087839545098,-0.57329844539567,0.706730268195845,-0.0559807529117377,-0.156571378816593
"369","PNA",3,3,54.2,15.8,4.6,8.7,0.0881,-0.85685098780918,0.379016621407704,0.612474663146556,0.408087839545098,0.578417181515274,0.989673880907704,-0.0559807529117377,-0.875521587668297
"370","PNA",4,1,89.3,18.7,5.4,10,0.1387,-0.0713719247429153,-0.00656924061219031,0.130351750465594,-0.589953072385848,-0.57329844539567,0.140843042772126,-0.0559807529117377,-0.156571378816593
"371","PNA",4,2,89.3,18.7,5.4,10,0.1387,-0.158647376194654,0.507545242081002,-0.351771162215369,-0.589953072385848,-0.57329844539567,0.423786655483985,-0.0559807529117377,-0.156571378816593
"372","PNA",4,3,89.3,18.7,5.4,10,0.1387,-1.38050369652011,0.893131104100896,0.933889938267198,-0.589953072385848,0.578417181515274,1.27261749361956,-1.25556831530612,-0.156571378816593
"373","PNA",5,1,66.8,18.2,4.7,8.5,0.0968,0.015903526708947,0.507545242081002,-0.191063524655048,-0.589953072385848,-0.57329844539567,-0.425044182651593,-0.0559807529117377,-0.156571378816593
"374","PNA",5,2,66.8,18.2,4.7,8.5,0.0968,-0.0713719247429153,0.6360738627543,-0.833894074896331,-0.589953072385848,-0.57329844539567,0.140843042772126,1.14360680948264,0.56237883003511
"375","PNA",5,3,66.8,18.2,4.7,8.5,0.0968,-1.20595279361651,1.40724558679409,0.291059388025914,-0.589953072385848,-0.57329844539567,0.706730268195845,-0.0559807529117377,-0.156571378816593
"376","PNA",6,1,61.4,16.6,4.9,8.9,0.094,-0.85685098780918,1.02165972477419,-0.191063524655048,-1.58799398431679,-0.57329844539567,1.55556110633142,-0.0559807529117377,-0.875521587668297
"377","PNA",6,2,61.4,16.6,4.9,8.9,0.094,-1.38050369652011,1.66430282814068,-0.51247879977569,-0.589953072385848,0.578417181515274,1.83850471904328,-0.0559807529117377,-0.156571378816593
"378","PNA",6,3,61.4,16.6,4.9,8.9,0.094,-2.07870730813463,2.17841731083388,0.933889938267198,-0.589953072385848,-0.57329844539567,0.989673880907704,-1.25556831530612,-0.156571378816593
"379","PNA",7,1,60.8,16.9,5,8.6,0.1122,-0.0713719247429153,-0.520683723305383,0.451767025586235,-0.589953072385848,0.578417181515274,1.27261749361956,-0.0559807529117377,-0.875521587668297
"380","PNA",7,2,60.8,16.9,5,8.6,0.1122,-0.769575536357442,0.121959380061107,1.25530521338784,-1.58799398431679,-0.57329844539567,1.55556110633142,-1.25556831530612,-1.59447179652
"381","PNA",7,3,60.8,16.9,5,8.6,0.1122,-5.74427626911099,1.53577420746739,6.71936489043875,1.40612875147604,-0.57329844539567,4.10205362073816,-2.4551558777005,-0.875521587668297
"382","PNA",8,1,82.5,18.6,5,9.5,0.1367,-1.0314018907129,-0.777740964651979,1.57672048850848,1.40612875147604,-0.57329844539567,1.55556110633142,-0.0559807529117377,0.56237883003511
"383","PNA",8,2,82.5,18.6,5,9.5,0.1367,-0.595024633453717,0.121959380061107,0.612474663146556,-0.589953072385848,-0.57329844539567,1.27261749361956,-0.0559807529117377,-0.875521587668297
"384","PNA",8,3,82.5,18.6,5,9.5,0.1367,-1.72960550232743,0.121959380061107,2.05884340118944,-1.58799398431679,1.73013280842622,2.12144833175514,-1.25556831530612,-0.875521587668297
"385","PNA",9,1,108.8,20.7,5.1,10.5,0.157,-0.333198279098254,0.121959380061107,0.130351750465594,-0.589953072385848,-0.57329844539567,0.706730268195845,-0.0559807529117377,-0.156571378816593
"386","PNA",9,2,108.8,20.7,5.1,10.5,0.157,-1.46777914797197,0.893131104100896,0.612474663146556,-0.589953072385848,-0.57329844539567,2.404391944467,-0.0559807529117377,-0.875521587668297
"387","PNA",9,3,108.8,20.7,5.1,10.5,0.157,-2.25325821103836,1.40724558679409,0.773182300706877,0.408087839545098,0.578417181515274,3.25322278260258,-0.0559807529117377,-0.875521587668297
"388","PNA",10,1,51.2,15.8,4.5,8.5,0.0925,-0.682300084905579,0.379016621407704,0.933889938267198,-0.589953072385848,-0.57329844539567,-0.142100569939733,-0.0559807529117377,-0.156571378816593
"389","PNA",10,2,51.2,15.8,4.5,8.5,0.0925,-1.0314018907129,0.764602483427598,1.09459757582752,0.408087839545098,-0.57329844539567,0.140843042772126,-1.25556831530612,-0.156571378816593
"390","PNA",10,3,51.2,15.8,4.5,8.5,0.0925,-3.38783907991195,2.04988869016058,2.38025867631009,-0.589953072385848,2.88184843533716,2.68733555717886,-2.4551558777005,-1.59447179652
"391","PNA",11,1,85.6,19.2,5.3,10.1,0.1442,0.015903526708947,-0.649212343978681,0.612474663146556,-0.589953072385848,-0.57329844539567,0.989673880907704,-0.0559807529117377,-0.875521587668297
"392","PNA",11,2,85.6,19.2,5.3,10.1,0.1442,0.888658041227074,-0.135097861285489,-0.833894074896331,-1.58799398431679,0.578417181515274,-0.707987795363453,1.14360680948264,-0.156571378816593
"393","PNA",11,3,85.6,19.2,5.3,10.1,0.1442,-0.769575536357442,0.121959380061107,0.612474663146556,-0.589953072385848,0.578417181515274,1.27261749361956,-1.25556831530612,-0.156571378816593
"394","PNA",12,1,69.4,17.6,4.7,9.3,0.0963,-0.769575536357442,1.02165972477419,0.612474663146556,-0.589953072385848,-0.57329844539567,0.423786655483985,-1.25556831530612,-1.59447179652
"395","PNA",12,2,69.4,17.6,4.7,9.3,0.0963,0.626831686871735,-0.777740964651979,-0.0303558870947272,0.408087839545098,-0.57329844539567,-0.425044182651593,-0.0559807529117377,-0.156571378816593
"396","PNA",12,3,69.4,17.6,4.7,9.3,0.0963,-0.769575536357442,-0.649212343978681,1.7374281260688,-1.58799398431679,0.578417181515274,1.27261749361956,-1.25556831530612,-0.156571378816593
"397","PNA",13,1,101.3,20.2,5.3,11.3,0.1602,-0.595024633453717,-0.00656924061219031,1.25530521338784,-0.589953072385848,0.578417181515274,0.140843042772126,-0.0559807529117377,-0.156571378816593
"398","PNA",13,2,101.3,20.2,5.3,11.3,0.1602,-2.07870730813463,0.507545242081002,2.54096631387041,-1.58799398431679,0.578417181515274,1.83850471904328,-0.0559807529117377,-0.156571378816593
"399","PNA",13,3,101.3,20.2,5.3,11.3,0.1602,-2.95146182265288,0.507545242081002,3.34450450167201,-0.589953072385848,-0.57329844539567,3.25322278260258,-1.25556831530612,-0.875521587668297
"400","PNA",14,1,59.8,17.2,4.5,8.4,0.0906,-0.944126439261042,0.6360738627543,0.291059388025914,-0.589953072385848,-0.57329844539567,1.27261749361956,-0.0559807529117377,-0.156571378816593
"401","PNA",14,2,59.8,17.2,4.5,8.4,0.0906,-0.333198279098254,0.379016621407704,-0.351771162215369,0.408087839545098,-0.57329844539567,0.706730268195845,-0.0559807529117377,0.56237883003511
"402","PNA",14,3,59.8,17.2,4.5,8.4,0.0906,-1.99143185668289,1.27871696612079,1.41601285094816,0.408087839545098,-0.57329844539567,0.989673880907704,-0.0559807529117377,-0.156571378816593
"403","PNA",15,1,49.2,16.1,4.5,7.4,0.0769,-1.46777914797197,-0.263626481958787,1.89813576362912,0.408087839545098,-0.57329844539567,1.83850471904328,-0.0559807529117377,0.56237883003511
"404","PNA",15,2,49.2,16.1,4.5,7.4,0.0769,0.103178978160809,-0.00656924061219031,-0.0303558870947272,-0.589953072385848,-0.57329844539567,-0.142100569939733,-0.0559807529117377,0.56237883003511
"405","PNA",15,3,49.2,16.1,4.5,7.4,0.0769,-2.34053366249009,1.66430282814068,2.21955103874976,1.40612875147604,-0.57329844539567,-0.142100569939733,-3.65474344009488,2.00027924773852
"406","PNA",16,1,54.7,16.1,4.6,8.7,0.0927,-0.507749182001979,1.02165972477419,0.130351750465594,-0.589953072385848,-0.57329844539567,0.423786655483985,-0.0559807529117377,-1.59447179652
"407","PNA",16,2,54.7,16.1,4.6,8.7,0.0927,-1.99143185668289,1.27871696612079,1.25530521338784,0.408087839545098,-0.57329844539567,1.27261749361956,-0.0559807529117377,-0.156571378816593
"408","PNA",16,3,54.7,16.1,4.6,8.7,0.0927,-5.04607265749646,2.82106041420037,4.95158087727522,-2.58603489624774,-0.57329844539567,3.53616639531444,-2.4551558777005,-2.3134220053717
"409","PNA",17,1,53.1,16.6,4.8,8,0.0961,0.27772988106441,-0.263626481958787,-0.0303558870947272,-0.589953072385848,-0.57329844539567,0.423786655483985,-0.0559807529117377,-0.875521587668297
"410","PNA",17,2,53.1,16.6,4.8,8,0.0961,0.365005332516272,-0.392155102632085,-0.191063524655048,-1.58799398431679,-0.57329844539567,0.423786655483985,1.14360680948264,-0.156571378816593
"411","PNA",17,3,53.1,16.6,4.8,8,0.0961,-2.5150845653937,1.02165972477419,3.34450450167201,-2.58603489624774,4.03356406224811,1.55556110633142,-2.4551558777005,-2.3134220053717
"412","PNA",18,1,58.2,16.6,5,9,0.1108,-0.158647376194654,0.507545242081002,-0.351771162215369,-0.589953072385848,-0.57329844539567,0.140843042772126,-0.0559807529117377,-0.156571378816593
"413","PNA",18,2,58.2,16.6,5,9,0.1108,-0.944126439261042,0.893131104100896,-0.0303558870947272,-0.589953072385848,-0.57329844539567,1.27261749361956,-0.0559807529117377,-0.156571378816593
"414","PNA",18,3,58.2,16.6,5,9,0.1108,-2.42780911394196,1.15018834544749,2.86238158899105,-1.58799398431679,1.73013280842622,1.55556110633142,-2.4551558777005,-1.59447179652
"415","PNA",19,1,102.4,20.1,5.2,9.8,0.1476,-0.0713719247429153,-0.00656924061219031,0.612474663146556,-1.58799398431679,-0.57329844539567,0.140843042772126,-0.0559807529117377,-0.875521587668297
"416","PNA",19,2,102.4,20.1,5.2,9.8,0.1476,-0.158647376194654,0.121959380061107,0.130351750465594,-1.58799398431679,-0.57329844539567,0.423786655483985,-0.0559807529117377,-0.156571378816593
"417","PNA",19,3,102.4,20.1,5.2,9.8,0.1476,-1.11867734216464,-0.00656924061219031,2.05884340118944,-0.589953072385848,0.578417181515274,0.706730268195845,-1.25556831530612,-0.875521587668297
"418","PNA",20,1,60.7,17.1,4.9,9.1,0.1068,-0.158647376194654,-0.135097861285489,0.291059388025914,-0.589953072385848,-0.57329844539567,0.706730268195845,-0.0559807529117377,-0.156571378816593
"419","PNA",20,2,60.7,17.1,4.9,9.1,0.1068,0.365005332516272,0.121959380061107,-0.51247879977569,-0.589953072385848,-0.57329844539567,-0.707987795363453,-0.0559807529117377,-0.156571378816593
"420","PNA",20,3,60.7,17.1,4.9,9.1,0.1068,-1.81688095377917,-0.00656924061219031,2.70167395143073,-1.58799398431679,-0.57329844539567,2.12144833175514,-1.25556831530612,-0.156571378816593
"421","PNA",21,1,64.2,17.2,4.8,8.9,0.1038,-0.158647376194654,-0.520683723305383,0.130351750465594,0.408087839545098,-0.57329844539567,0.989673880907704,-0.0559807529117377,0.56237883003511
"422","PNA",21,2,64.2,17.2,4.8,8.9,0.1038,0.365005332516272,0.379016621407704,-0.833894074896331,-0.589953072385848,0.578417181515274,-0.142100569939733,-0.0559807529117377,-0.875521587668297
"423","PNA",21,3,64.2,17.2,4.8,8.9,0.1038,-1.55505459942371,1.02165972477419,0.612474663146556,-0.589953072385848,-0.57329844539567,2.404391944467,-1.25556831530612,-0.156571378816593
"424","PNA",22,1,73.2,17.6,4.9,9.2,0.1173,-0.245922827646516,0.379016621407704,0.130351750465594,-0.589953072385848,-0.57329844539567,0.140843042772126,-1.25556831530612,-0.875521587668297
"425","PNA",22,2,73.2,17.6,4.9,9.2,0.1173,0.103178978160809,0.379016621407704,-0.351771162215369,-0.589953072385848,-0.57329844539567,0.140843042772126,-1.25556831530612,-0.156571378816593
"426","PNA",22,3,73.2,17.6,4.9,9.2,0.1173,-1.81688095377917,0.250488000734405,2.54096631387041,0.408087839545098,-0.57329844539567,1.27261749361956,-0.0559807529117377,-0.875521587668297
"427","PNA",23,1,55.3,16.4,4.9,8.6,0.1032,0.27772988106441,-0.649212343978681,-0.0303558870947272,-1.58799398431679,-0.57329844539567,0.989673880907704,-0.0559807529117377,-0.156571378816593
"428","PNA",23,2,55.3,16.4,4.9,8.6,0.1032,1.15048439558254,-0.649212343978681,-0.673186437336011,0.408087839545098,0.578417181515274,-0.990931408075312,-0.0559807529117377,-0.875521587668297
"429","PNA",23,3,55.3,16.4,4.9,8.6,0.1032,-0.682300084905579,0.121959380061107,0.933889938267198,-1.58799398431679,0.578417181515274,1.55556110633142,-0.0559807529117377,-1.59447179652
"430","PNA",24,1,84.2,18.2,4.9,8.7,0.1097,-0.595024633453717,0.764602483427598,-0.0303558870947272,-0.589953072385848,-0.57329844539567,0.706730268195845,-0.0559807529117377,-0.156571378816593
"431","PNA",24,2,84.2,18.2,4.9,8.7,0.1097,-0.769575536357442,0.893131104100896,-0.0303558870947272,-0.589953072385848,-0.57329844539567,0.989673880907704,-0.0559807529117377,-0.875521587668297
"432","PNA",24,3,84.2,18.2,4.9,8.7,0.1097,-1.46777914797197,0.764602483427598,0.933889938267198,-0.589953072385848,1.73013280842622,1.55556110633142,-1.25556831530612,-0.875521587668297
"433","PNA",25,1,96.1,19.6,5.1,9.5,0.141,-0.595024633453717,0.121959380061107,0.451767025586235,1.40612875147604,-0.57329844539567,0.423786655483985,-0.0559807529117377,-0.156571378816593
"434","PNA",25,2,96.1,19.6,5.1,9.5,0.141,-0.944126439261042,0.379016621407704,0.612474663146556,-0.589953072385848,-0.57329844539567,1.27261749361956,-0.0559807529117377,-0.156571378816593
"435","PNA",25,3,96.1,19.6,5.1,9.5,0.141,-2.60236001684556,1.15018834544749,1.7374281260688,0.408087839545098,-0.57329844539567,3.25322278260258,-1.25556831530612,-0.875521587668297
"436","PNA",26,1,85.2,19.3,5.4,10,0.148,0.015903526708947,0.121959380061107,-0.191063524655048,-1.58799398431679,-0.57329844539567,0.706730268195845,-0.0559807529117377,-0.875521587668297
"437","PNA",26,2,85.2,19.3,5.4,10,0.148,-0.682300084905579,0.507545242081002,0.291059388025914,0.408087839545098,-0.57329844539567,0.706730268195845,-0.0559807529117377,-0.156571378816593
"438","PNA",26,3,85.2,19.3,5.4,10,0.148,-2.68963546829742,1.53577420746739,2.86238158899105,1.40612875147604,-0.57329844539567,0.706730268195845,-1.25556831530612,-0.875521587668297
"439","PNA",27,1,84.9,18.5,5.3,9.7,0.1277,-1.20595279361651,0.6360738627543,0.773182300706877,-0.589953072385848,-0.57329844539567,1.27261749361956,-0.0559807529117377,-0.156571378816593
"440","PNA",27,2,84.9,18.5,5.3,9.7,0.1277,-0.420473730550116,1.02165972477419,0.130351750465594,-0.589953072385848,-0.57329844539567,-0.425044182651593,-0.0559807529117377,-0.156571378816593
"441","PNA",27,3,84.9,18.5,5.3,9.7,0.1277,-1.81688095377917,0.6360738627543,1.09459757582752,-0.589953072385848,2.88184843533716,2.404391944467,-1.25556831530612,-0.156571378816593
"442","PNA",28,1,73.6,17.6,4.8,9.1,0.1021,0.452280783968011,-0.520683723305383,0.130351750465594,-0.589953072385848,-0.57329844539567,-0.142100569939733,-0.0559807529117377,-0.875521587668297
"443","PNA",28,2,73.6,17.6,4.8,9.1,0.1021,0.27772988106441,-0.135097861285489,-0.51247879977569,0.408087839545098,-0.57329844539567,0.423786655483985,-0.0559807529117377,-0.156571378816593
"444","PNA",28,3,73.6,17.6,4.8,9.1,0.1021,-0.682300084905579,-0.00656924061219031,1.7374281260688,0.408087839545098,-0.57329844539567,-0.142100569939733,-1.25556831530612,-0.875521587668297
"445","PNA",29,1,54.4,16.2,4.7,8.9,0.0938,-0.0713719247429153,-0.00656924061219031,0.451767025586235,-0.589953072385848,-0.57329844539567,-0.707987795363453,1.14360680948264,-0.875521587668297
"446","PNA",29,2,54.4,16.2,4.7,8.9,0.0938,0.190454429612548,0.121959380061107,-0.351771162215369,-0.589953072385848,-0.57329844539567,-0.425044182651593,-0.0559807529117377,0.56237883003511
"447","PNA",29,3,54.4,16.2,4.7,8.9,0.0938,-0.595024633453717,0.121959380061107,0.773182300706877,-2.58603489624774,4.03356406224811,0.423786655483985,-1.25556831530612,-0.156571378816593
"448","PNA",30,1,53.6,15.8,4.5,7.7,0.0735,0.27772988106441,-0.520683723305383,0.291059388025914,-0.589953072385848,-0.57329844539567,0.140843042772126,-0.0559807529117377,-0.875521587668297
"449","PNA",30,2,53.6,15.8,4.5,7.7,0.0735,0.27772988106441,-0.135097861285489,-0.51247879977569,-0.589953072385848,-0.57329844539567,0.423786655483985,1.14360680948264,-0.156571378816593
"450","PNA",30,3,53.6,15.8,4.5,7.7,0.0735,-1.99143185668289,-0.263626481958787,2.70167395143073,-0.589953072385848,-0.57329844539567,2.404391944467,-1.25556831530612,0.56237883003511
